timestamp,actual,prediction,baseline
2012-08-08 07:00:00,482,473.2303146843968,487.0
2012-08-08 08:00:00,737,688.1052428894078,681.0
2012-08-08 09:00:00,341,339.21472273084566,350.0
2012-08-08 10:00:00,214,240.55246525902908,236.0
2012-08-08 11:00:00,239,232.96010915042496,234.0
2012-08-08 12:00:00,280,272.2181560800813,284.0
2012-08-08 13:00:00,313,262.3937211872069,280.0
2012-08-08 14:00:00,236,266.2612504663508,263.0
2012-08-08 15:00:00,278,320.0536243722485,295.0
2012-08-08 16:00:00,441,444.4262210207787,479.0
2012-08-08 17:00:00,858,808.2842639737737,837.0
2012-08-08 18:00:00,862,799.594484152303,891.0
2012-08-08 19:00:00,686,610.1987662201384,652.0
2012-08-08 20:00:00,500,470.8793502814976,513.0
2012-08-08 21:00:00,381,304.58751398050066,320.0
2012-08-08 22:00:00,233,259.4505970007055,288.0
2012-08-08 23:00:00,136,142.24747715771346,152.0
2012-08-09 00:00:00,67,60.33047693291367,63.0
2012-08-09 01:00:00,28,44.69542625745607,42.0
2012-08-09 02:00:00,14,12.50850717985391,11.0
2012-08-09 03:00:00,6,9.13515318308833,6.0
2012-08-09 04:00:00,10,9.871511036898868,9.0
2012-08-09 05:00:00,41,38.59164281485585,41.0
2012-08-09 06:00:00,167,176.29933415626212,183.0
2012-08-09 07:00:00,475,430.40866500458924,473.0
2012-08-09 08:00:00,698,722.4221981486505,739.0
2012-08-09 09:00:00,353,337.93573044257204,343.0
2012-08-09 10:00:00,205,210.88582632574187,181.0
2012-08-09 11:00:00,260,237.86710104374572,226.0
2012-08-09 12:00:00,277,301.5299999557617,286.0
2012-08-09 13:00:00,281,305.7226434169292,310.0
2012-08-09 14:00:00,247,237.8635197847361,225.0
2012-08-09 15:00:00,267,272.0194363348127,270.0
2012-08-09 16:00:00,417,418.850394672061,406.0
2012-08-09 17:00:00,810,816.9365331726848,865.0
2012-08-09 18:00:00,811,802.3700682913656,767.0
2012-08-09 19:00:00,623,590.7815711828737,607.0
2012-08-09 20:00:00,478,448.622763646946,427.0
2012-08-09 21:00:00,336,340.38078271964315,342.0
2012-08-09 22:00:00,259,242.89614018552584,262.0
2012-08-09 23:00:00,156,154.66607302163234,177.0
2012-08-10 00:00:00,85,67.2580858895174,71.0
2012-08-10 01:00:00,41,44.591397590624084,43.0
2012-08-10 02:00:00,20,14.99885713233239,14.0
2012-08-10 03:00:00,9,7.630015260397148,6.0
2012-08-10 04:00:00,7,10.025296499477033,12.0
2012-08-10 05:00:00,33,32.1416254019249,37.0
2012-08-10 06:00:00,44,81.8169233239167,163.0
2012-08-10 07:00:00,133,281.8363964865122,421.0
2012-08-10 08:00:00,119,512.217027473758,668.0
2012-08-10 09:00:00,220,345.2491773521709,396.0
2012-08-10 10:00:00,193,203.3837223719504,249.0
2012-08-10 11:00:00,251,185.10618434477752,263.0
2012-08-10 12:00:00,315,324.8230799266793,338.0
2012-08-10 13:00:00,290,332.2495570008983,345.0
2012-08-10 14:00:00,307,305.8514826496692,331.0
2012-08-10 15:00:00,324,334.30808357120657,380.0
2012-08-10 16:00:00,467,473.04906415256704,492.0
2012-08-10 17:00:00,730,793.8051066802411,741.0
2012-08-10 18:00:00,640,747.1590960288856,671.0
2012-08-10 19:00:00,492,487.8835986578159,469.0
2012-08-10 20:00:00,370,373.3565427014292,389.0
2012-08-10 21:00:00,286,272.11467407607086,278.0
2012-08-10 22:00:00,218,230.19809018383947,202.0
2012-08-10 23:00:00,192,168.86093624934966,196.0
2012-08-11 00:00:00,180,142.07715682543045,161.0
2012-08-11 01:00:00,116,107.39705148342188,122.0
2012-08-11 02:00:00,85,61.30123262333216,84.0
2012-08-11 03:00:00,21,24.598690784138448,30.0
2012-08-11 04:00:00,10,14.365205315125941,13.0
2012-08-11 05:00:00,11,21.69691275356156,17.0
2012-08-11 06:00:00,23,35.747116326706475,49.0
2012-08-11 07:00:00,62,72.89094715008468,67.0
2012-08-11 08:00:00,162,128.6879957450593,181.0
2012-08-11 09:00:00,271,229.28894005576268,278.0
2012-08-11 10:00:00,407,378.1984904718934,396.0
2012-08-11 11:00:00,499,426.5635566925571,470.0
2012-08-11 12:00:00,546,526.0590409788857,547.0
2012-08-11 13:00:00,569,515.042194838502,527.0
2012-08-11 14:00:00,538,440.1838689805873,472.0
2012-08-11 15:00:00,562,485.9153132143917,489.0
2012-08-11 16:00:00,531,423.5526320169659,450.0
2012-08-11 17:00:00,512,380.86254142416703,492.0
2012-08-11 18:00:00,300,450.37545387578126,490.0
2012-08-11 19:00:00,275,322.79530981255715,397.0
2012-08-11 20:00:00,160,127.1445776472631,312.0
2012-08-11 21:00:00,128,223.92969210296937,289.0
2012-08-11 22:00:00,168,190.92873687169185,269.0
2012-08-11 23:00:00,163,131.1863127704618,222.0
2012-08-12 00:00:00,120,153.6793461799774,153.0
2012-08-12 01:00:00,113,89.50671543598168,87.0
2012-08-12 02:00:00,86,75.18964417913092,73.0
2012-08-12 03:00:00,48,46.83882287431051,41.0
2012-08-12 04:00:00,10,16.96269895108157,14.0
2012-08-12 05:00:00,10,18.57831061197589,19.0
2012-08-12 06:00:00,16,26.705869199011314,19.0
2012-08-12 07:00:00,39,82.84579310040058,68.0
2012-08-12 08:00:00,119,149.07162958655726,108.0
2012-08-12 09:00:00,217,257.18996654317937,229.0
2012-08-12 10:00:00,328,395.31926801629874,364.0
2012-08-12 11:00:00,449,450.05409679583363,437.0
2012-08-12 12:00:00,505,521.6178405225844,491.0
2012-08-12 13:00:00,543,552.2522222628369,523.0
2012-08-12 14:00:00,579,533.214114128008,526.0
2012-08-12 15:00:00,577,487.53073352259526,450.0
2012-08-12 16:00:00,513,484.7342756273927,421.0
2012-08-12 17:00:00,505,430.199632373,382.0
2012-08-12 18:00:00,491,337.38692353453087,229.0
2012-08-12 19:00:00,465,289.80257456099184,185.0
2012-08-12 20:00:00,300,203.23585877856033,193.0
2012-08-12 21:00:00,220,182.63439470615364,208.0
2012-08-12 22:00:00,181,154.97910918811925,157.0
2012-08-12 23:00:00,110,122.01105009079373,87.0
2012-08-13 00:00:00,47,50.43843825124317,33.0
2012-08-13 01:00:00,14,30.1364593720097,11.0
2012-08-13 02:00:00,9,21.72810905748081,5.0
2012-08-13 03:00:00,6,15.158766001313571,5.0
2012-08-13 04:00:00,11,14.449074040029203,11.0
2012-08-13 05:00:00,36,24.921764286031838,25.0
2012-08-13 06:00:00,159,122.06685083771902,141.0
2012-08-13 07:00:00,436,389.13204001703997,407.0
2012-08-13 08:00:00,673,545.3075524918495,605.0
2012-08-13 09:00:00,305,274.2140256336524,276.0
2012-08-13 10:00:00,199,215.00349552957832,213.0
2012-08-13 11:00:00,245,263.9173272636284,260.0
2012-08-13 12:00:00,276,292.59486293215167,285.0
2012-08-13 13:00:00,254,299.6638012542782,289.0
2012-08-13 14:00:00,248,314.1266662527801,287.0
2012-08-13 15:00:00,274,287.1824395348493,274.0
2012-08-13 16:00:00,464,394.18636974061894,451.0
2012-08-13 17:00:00,818,800.7329805949005,858.0
2012-08-13 18:00:00,812,815.5564234236606,843.0
2012-08-13 19:00:00,555,621.6232144112732,640.0
2012-08-13 20:00:00,432,406.2029983960451,457.0
2012-08-13 21:00:00,290,283.3598943123757,317.0
2012-08-13 22:00:00,192,190.2399432187684,207.0
2012-08-13 23:00:00,128,110.91595649352763,113.0
2012-08-14 00:00:00,60,45.072940289319654,47.0
2012-08-14 01:00:00,27,17.37453467680557,18.0
2012-08-14 02:00:00,11,12.901588302955885,13.0
2012-08-14 03:00:00,3,9.082455709930517,6.0
2012-08-14 04:00:00,5,12.079063472351766,9.0
2012-08-14 05:00:00,36,37.58918509870837,36.0
2012-08-14 06:00:00,64,94.4796384760599,179.0
2012-08-14 07:00:00,179,455.7365148733484,502.0
2012-08-14 08:00:00,618,637.5680440356315,705.0
2012-08-14 09:00:00,402,325.75357006582783,327.0
2012-08-14 10:00:00,208,219.60235925842392,250.0
2012-08-14 11:00:00,196,234.25930396158026,214.0
2012-08-14 12:00:00,300,276.7338697362842,283.0
2012-08-14 13:00:00,286,259.7318604539391,253.0
2012-08-14 14:00:00,255,253.07379071378236,261.0
2012-08-14 15:00:00,283,305.0974725221251,306.0
2012-08-14 16:00:00,458,424.5860291216647,445.0
2012-08-14 17:00:00,812,722.0751106535487,868.0
2012-08-14 18:00:00,854,845.179358188718,814.0
2012-08-14 19:00:00,627,591.7150847800024,610.0
2012-08-14 20:00:00,436,409.8067459233537,448.0
2012-08-14 21:00:00,308,298.0568356097133,317.0
2012-08-14 22:00:00,189,209.548744694222,224.0
2012-08-14 23:00:00,167,132.69704352947662,138.0
2012-08-15 00:00:00,60,60.39183703694202,58.0
2012-08-15 01:00:00,37,27.809518218175636,23.0
2012-08-15 02:00:00,8,10.834391305317391,6.0
2012-08-15 03:00:00,11,9.044738374258097,7.0
2012-08-15 04:00:00,4,8.913990774005708,7.0
2012-08-15 05:00:00,39,45.02911115501757,43.0
2012-08-15 06:00:00,172,141.9527208426893,173.0
2012-08-15 07:00:00,492,429.3140061327932,482.0
2012-08-15 08:00:00,682,695.0124726467305,737.0
2012-08-15 09:00:00,367,379.95695267624694,341.0
2012-08-15 10:00:00,233,212.08529121134012,214.0
2012-08-15 11:00:00,235,220.49362596035203,239.0
2012-08-15 12:00:00,307,285.8553349598824,280.0
2012-08-15 13:00:00,294,305.9737245678564,313.0
2012-08-15 14:00:00,255,251.7808445717086,236.0
2012-08-15 15:00:00,266,278.15053709877475,278.0
2012-08-15 16:00:00,431,433.6374402906082,441.0
2012-08-15 17:00:00,851,836.901418234441,858.0
2012-08-15 18:00:00,848,842.2272713493821,862.0
2012-08-15 19:00:00,649,656.8433493017601,686.0
2012-08-15 20:00:00,427,451.67941068707006,500.0
2012-08-15 21:00:00,315,334.12907516958285,381.0
2012-08-15 22:00:00,226,214.4186515379202,233.0
2012-08-15 23:00:00,138,153.5947743899585,136.0
2012-08-16 00:00:00,76,67.3524010495712,67.0
2012-08-16 01:00:00,21,29.601842560805416,28.0
2012-08-16 02:00:00,15,14.59205312089343,14.0
2012-08-16 03:00:00,4,10.685809408291911,6.0
2012-08-16 04:00:00,5,11.44313368650953,10.0
2012-08-16 05:00:00,37,45.068755904876845,41.0
2012-08-16 06:00:00,165,174.49243969832625,167.0
2012-08-16 07:00:00,464,473.0472144088352,475.0
2012-08-16 08:00:00,682,692.656872230685,698.0
2012-08-16 09:00:00,337,352.04357941345717,353.0
2012-08-16 10:00:00,199,233.0686245388204,205.0
2012-08-16 11:00:00,274,256.29294725522567,260.0
2012-08-16 12:00:00,343,289.00094700760945,277.0
2012-08-16 13:00:00,300,291.57342802177453,281.0
2012-08-16 14:00:00,248,259.4311364871607,247.0
2012-08-16 15:00:00,260,279.8734342380817,267.0
2012-08-16 16:00:00,419,430.82683410568995,417.0
2012-08-16 17:00:00,897,816.3316031044477,810.0
2012-08-16 18:00:00,832,837.1796416646605,811.0
2012-08-16 19:00:00,677,629.7213465854743,623.0
2012-08-16 20:00:00,514,450.1361134643318,478.0
2012-08-16 21:00:00,356,330.9582944321888,336.0
2012-08-16 22:00:00,254,246.78812496390756,259.0
2012-08-16 23:00:00,226,172.40661136194694,156.0
2012-08-17 00:00:00,88,76.65134317813961,85.0
2012-08-17 01:00:00,54,43.11491151139759,41.0
2012-08-17 02:00:00,19,17.908084424033998,20.0
2012-08-17 03:00:00,6,10.645367889428101,9.0
2012-08-17 04:00:00,9,8.727005900511353,7.0
2012-08-17 05:00:00,36,39.20075242203564,33.0
2012-08-17 06:00:00,157,105.76063024495588,44.0
2012-08-17 07:00:00,379,297.7004397654932,133.0
2012-08-17 08:00:00,668,394.21712789844713,119.0
2012-08-17 09:00:00,378,250.9968726060694,220.0
2012-08-17 10:00:00,231,202.15055516720602,193.0
2012-08-17 11:00:00,303,259.22436191311675,251.0
2012-08-17 12:00:00,365,304.04741610803495,315.0
2012-08-17 13:00:00,357,306.7766358931115,290.0
2012-08-17 14:00:00,328,290.7966809667288,307.0
2012-08-17 15:00:00,383,292.15324285753013,324.0
2012-08-17 16:00:00,488,391.7767076204106,467.0
2012-08-17 17:00:00,791,769.1135644164419,730.0
2012-08-17 18:00:00,669,674.8966792690553,640.0
2012-08-17 19:00:00,491,496.11158965427444,492.0
2012-08-17 20:00:00,359,383.15732566662734,370.0
2012-08-17 21:00:00,255,288.08416914572,286.0
2012-08-17 22:00:00,213,118.11319802363849,218.0
2012-08-17 23:00:00,121,94.09413036667652,192.0
2012-08-18 00:00:00,105,149.39461590072153,180.0
2012-08-18 01:00:00,92,65.52533599404808,116.0
2012-08-18 02:00:00,43,65.08193561060455,85.0
2012-08-18 03:00:00,30,19.788474544402366,21.0
2012-08-18 04:00:00,13,12.954223983334202,10.0
2012-08-18 05:00:00,9,19.983731732658303,11.0
2012-08-18 06:00:00,27,63.22004545179627,23.0
2012-08-18 07:00:00,64,89.38731034278511,62.0
2012-08-18 08:00:00,189,186.74565985030145,162.0
2012-08-18 09:00:00,292,287.5846736694321,271.0
2012-08-18 10:00:00,480,402.69764430897754,407.0
2012-08-18 11:00:00,536,489.6996965356074,499.0
2012-08-18 12:00:00,654,555.4099984940816,546.0
2012-08-18 13:00:00,644,555.859128414874,569.0
2012-08-18 14:00:00,598,552.6420374853334,538.0
2012-08-18 15:00:00,596,547.7324166515135,562.0
2012-08-18 16:00:00,641,522.1752965865495,531.0
2012-08-18 17:00:00,635,562.7968977423589,512.0
2012-08-18 18:00:00,554,458.18009094834434,300.0
2012-08-18 19:00:00,488,374.1194808040658,275.0
2012-08-18 20:00:00,341,268.112295591879,160.0
2012-08-18 21:00:00,338,221.646839995037,128.0
2012-08-18 22:00:00,261,206.2890026709015,168.0
2012-08-18 23:00:00,235,158.92672783860613,163.0
2012-08-19 00:00:00,187,124.82763116400666,120.0
2012-08-19 01:00:00,131,107.12964283736977,113.0
2012-08-19 02:00:00,119,74.45300445692179,86.0
2012-08-19 03:00:00,55,46.36039436018856,48.0
2012-08-19 04:00:00,26,14.232214995716939,10.0
2012-08-19 05:00:00,11,12.866661771049381,10.0
2012-08-19 06:00:00,20,20.198632528786685,16.0
2012-08-19 07:00:00,41,51.415999267524555,39.0
2012-08-19 08:00:00,124,139.54723805164585,119.0
2012-08-19 09:00:00,270,246.6822041252758,217.0
2012-08-19 10:00:00,425,383.84301368930295,328.0
2012-08-19 11:00:00,272,284.9012886895429,449.0
2012-08-19 12:00:00,298,377.265628476549,505.0
2012-08-19 13:00:00,162,304.66866670530106,543.0
2012-08-19 14:00:00,149,373.36286203708187,579.0
2012-08-19 15:00:00,276,541.3431161968371,577.0
2012-08-19 16:00:00,356,538.7201466435828,513.0
2012-08-19 17:00:00,343,457.12051628187606,505.0
2012-08-19 18:00:00,377,433.49386862797417,491.0
2012-08-19 19:00:00,341,409.90206537455646,465.0
2012-08-19 20:00:00,274,302.37494166064175,300.0
2012-08-19 21:00:00,190,153.04849311702858,220.0
2012-08-19 22:00:00,56,179.85510050421675,181.0
2012-08-19 23:00:00,46,133.89600799562834,110.0
2012-08-20 00:00:00,26,72.37317736066615,47.0
2012-08-20 01:00:00,10,52.78176246283826,14.0
2012-08-20 02:00:00,5,23.6754990059207,9.0
2012-08-20 03:00:00,3,14.093768562511919,6.0
2012-08-20 04:00:00,7,18.614476510430286,11.0
2012-08-20 05:00:00,37,36.575492940500396,36.0
2012-08-20 06:00:00,161,143.9893647827954,159.0
2012-08-20 07:00:00,442,392.6510177168578,436.0
2012-08-20 08:00:00,655,650.5787568245033,673.0
2012-08-20 09:00:00,357,310.6997388978019,305.0
2012-08-20 10:00:00,193,203.8386176157629,199.0
2012-08-20 11:00:00,241,226.89633134044573,245.0
2012-08-20 12:00:00,282,238.11528276360409,276.0
2012-08-20 13:00:00,291,223.72299036977248,254.0
2012-08-20 14:00:00,275,206.25507779103432,248.0
2012-08-20 15:00:00,309,240.6490719776595,274.0
2012-08-20 16:00:00,460,377.30420517233176,464.0
2012-08-20 17:00:00,893,766.0089248066311,818.0
2012-08-20 18:00:00,815,634.9643769248694,812.0
2012-08-20 19:00:00,299,477.89008980053234,555.0
2012-08-20 20:00:00,261,296.33732640760263,432.0
2012-08-20 21:00:00,245,237.40395007407915,290.0
2012-08-20 22:00:00,161,137.69575089313733,192.0
2012-08-20 23:00:00,102,97.42829771560174,128.0
2012-08-21 00:00:00,59,57.19679183483561,60.0
2012-08-21 01:00:00,33,24.257764321877843,27.0
2012-08-21 02:00:00,8,10.2046321128101,11.0
2012-08-21 03:00:00,3,9.322176686819345,3.0
2012-08-21 04:00:00,4,9.664630119486162,5.0
2012-08-21 05:00:00,34,42.021950101682634,36.0
2012-08-21 06:00:00,169,99.86657787448644,64.0
2012-08-21 07:00:00,519,279.4048472782588,179.0
2012-08-21 08:00:00,723,646.7359286572288,618.0
2012-08-21 09:00:00,328,369.87184352450953,402.0
2012-08-21 10:00:00,178,206.14697783505756,208.0
2012-08-21 11:00:00,256,235.84495834545135,196.0
2012-08-21 12:00:00,305,312.1336567625587,300.0
2012-08-21 13:00:00,331,301.2465405485799,286.0
2012-08-21 14:00:00,302,281.0550443247652,255.0
2012-08-21 15:00:00,302,283.4415465913269,283.0
2012-08-21 16:00:00,467,440.3309576155348,458.0
2012-08-21 17:00:00,878,859.9536527379029,812.0
2012-08-21 18:00:00,625,861.0113904196685,854.0
2012-08-21 19:00:00,476,386.25766005839125,627.0
2012-08-21 20:00:00,358,375.9377579206999,436.0
2012-08-21 21:00:00,280,285.27187419596225,308.0
2012-08-21 22:00:00,232,178.9573834656849,189.0
2012-08-21 23:00:00,136,139.23489775584156,167.0
2012-08-22 00:00:00,55,59.37482404919236,60.0
2012-08-22 01:00:00,21,41.47065564443301,37.0
2012-08-22 02:00:00,17,9.46883808064983,8.0
2012-08-22 03:00:00,7,13.09677096147222,11.0
2012-08-22 04:00:00,8,9.576755570876154,4.0
2012-08-22 05:00:00,40,41.51030039429229,39.0
2012-08-22 06:00:00,187,174.98335675718684,172.0
2012-08-22 07:00:00,553,525.6894878372925,492.0
2012-08-22 08:00:00,740,688.799140923001,682.0
2012-08-22 09:00:00,376,346.6804329001823,367.0
2012-08-22 10:00:00,225,219.32473685077088,233.0
2012-08-22 11:00:00,267,251.95366820160538,235.0
2012-08-22 12:00:00,312,315.66876673752824,307.0
2012-08-22 13:00:00,316,313.7693221578904,294.0
2012-08-22 14:00:00,266,281.9125607071497,255.0
2012-08-22 15:00:00,316,281.46373633005044,266.0
2012-08-22 16:00:00,460,353.92385887412576,431.0
2012-08-22 17:00:00,783,725.3253690131897,851.0
2012-08-22 18:00:00,683,586.425944999756,848.0
2012-08-22 19:00:00,580,523.8052294722014,649.0
2012-08-22 20:00:00,391,395.7542921661154,427.0
2012-08-22 21:00:00,351,292.770691144396,315.0
2012-08-22 22:00:00,281,230.66487469583765,226.0
2012-08-22 23:00:00,140,127.48223710293986,138.0
2012-08-23 00:00:00,60,67.16545060072862,76.0
2012-08-23 01:00:00,25,23.82537965496013,21.0
2012-08-23 02:00:00,20,17.66870425358813,15.0
2012-08-23 03:00:00,9,9.256444206672525,4.0
2012-08-23 04:00:00,6,9.256444206672525,5.0
2012-08-23 05:00:00,37,41.258261770455704,37.0
2012-08-23 06:00:00,192,158.08578887014008,165.0
2012-08-23 07:00:00,481,493.68946190193446,464.0
2012-08-23 08:00:00,707,703.8450472431797,682.0
2012-08-23 09:00:00,412,354.8570964744943,337.0
2012-08-23 10:00:00,233,222.10573166997122,199.0
2012-08-23 11:00:00,278,280.0588048990256,274.0
2012-08-23 12:00:00,332,319.91188009344245,343.0
2012-08-23 13:00:00,346,304.7029059589745,300.0
2012-08-23 14:00:00,305,268.3802117939569,248.0
2012-08-23 15:00:00,305,275.5833817829414,260.0
2012-08-23 16:00:00,465,434.4077312332171,419.0
2012-08-23 17:00:00,820,774.1806886378168,897.0
2012-08-23 18:00:00,941,739.1307097894489,832.0
2012-08-23 19:00:00,633,654.2735952625306,677.0
2012-08-23 20:00:00,474,462.90010307838054,514.0
2012-08-23 21:00:00,329,338.51410030540586,356.0
2012-08-23 22:00:00,198,266.2422010008613,254.0
2012-08-23 23:00:00,157,197.55340852589234,226.0
2012-08-24 00:00:00,111,72.6845683748881,88.0
2012-08-24 01:00:00,42,51.68749058858914,54.0
2012-08-24 02:00:00,16,20.381202719233187,19.0
2012-08-24 03:00:00,8,8.175121197952734,6.0
2012-08-24 04:00:00,8,9.271978601928774,9.0
2012-08-24 05:00:00,38,40.22832296626717,36.0
2012-08-24 06:00:00,151,163.6425808546847,157.0
2012-08-24 07:00:00,425,408.02273798478006,379.0
2012-08-24 08:00:00,744,671.1100302554139,668.0
2012-08-24 09:00:00,389,384.3222444560955,378.0
2012-08-24 10:00:00,262,249.18564123259677,231.0
2012-08-24 11:00:00,281,317.3268939387357,303.0
2012-08-24 12:00:00,371,356.9311763633845,365.0
2012-08-24 13:00:00,351,353.28583005259145,357.0
2012-08-24 14:00:00,338,331.3666331194853,328.0
2012-08-24 15:00:00,350,359.5984125924529,383.0
2012-08-24 16:00:00,515,473.2824648033536,488.0
2012-08-24 17:00:00,812,791.0994444220647,791.0
2012-08-24 18:00:00,736,728.9091135470591,669.0
2012-08-24 19:00:00,536,505.9936718855351,491.0
2012-08-24 20:00:00,363,373.5914494832092,359.0
2012-08-24 21:00:00,306,279.90441998432243,255.0
2012-08-24 22:00:00,251,206.27367189379135,213.0
2012-08-24 23:00:00,178,142.64323474335586,121.0
2012-08-25 00:00:00,135,90.69565096223589,105.0
2012-08-25 01:00:00,115,74.72533287431844,92.0
2012-08-25 02:00:00,79,43.21331765605062,43.0
2012-08-25 03:00:00,38,27.147199125702183,30.0
2012-08-25 04:00:00,12,14.836456597710804,13.0
2012-08-25 05:00:00,14,17.766713702114274,9.0
2012-08-25 06:00:00,30,68.29066714234744,27.0
2012-08-25 07:00:00,102,89.09852904313941,64.0
2012-08-25 08:00:00,162,251.71048998752462,189.0
2012-08-25 09:00:00,288,312.1461113434683,292.0
2012-08-25 10:00:00,442,443.9114111288276,480.0
2012-08-25 11:00:00,457,495.9955133082298,536.0
2012-08-25 12:00:00,584,475.3958351221734,654.0
2012-08-25 13:00:00,517,577.9117659694024,644.0
2012-08-25 14:00:00,482,464.51100629688796,598.0
2012-08-25 15:00:00,233,512.7737240563864,596.0
2012-08-25 16:00:00,434,524.6287427989062,641.0
2012-08-25 17:00:00,403,585.6938578555093,635.0
2012-08-25 18:00:00,383,459.26693161646864,554.0
2012-08-25 19:00:00,354,394.0699572095754,488.0
2012-08-25 20:00:00,241,162.5132760193566,341.0
2012-08-25 21:00:00,208,242.08160271313233,338.0
2012-08-25 22:00:00,182,210.60894484674853,261.0
2012-08-25 23:00:00,158,183.03251076335135,235.0
2012-08-26 00:00:00,134,143.78915051743607,187.0
2012-08-26 01:00:00,134,114.4219433926364,131.0
2012-08-26 02:00:00,116,103.61872909123986,119.0
2012-08-26 03:00:00,53,49.37342159653023,55.0
2012-08-26 04:00:00,16,23.56652976813748,26.0
2012-08-26 05:00:00,16,14.403966111298962,11.0
2012-08-26 06:00:00,21,20.856755379359036,20.0
2012-08-26 07:00:00,34,62.29637275283782,41.0
2012-08-26 08:00:00,133,133.1591693249217,124.0
2012-08-26 09:00:00,263,250.28765375683943,270.0
2012-08-26 10:00:00,385,414.40603589623845,425.0
2012-08-26 11:00:00,482,345.1436251886642,272.0
2012-08-26 12:00:00,626,269.56529283740025,298.0
2012-08-26 13:00:00,541,236.85079230294906,162.0
2012-08-26 14:00:00,377,261.51368010437153,149.0
2012-08-26 15:00:00,391,106.60603233986362,276.0
2012-08-26 16:00:00,173,140.39675009157486,356.0
2012-08-26 17:00:00,233,265.5588150422743,343.0
2012-08-26 18:00:00,264,252.92547424941193,377.0
2012-08-26 19:00:00,292,247.19968063997473,341.0
2012-08-26 20:00:00,211,202.28307590166725,274.0
2012-08-26 21:00:00,166,165.80705897948235,190.0
2012-08-26 22:00:00,114,109.89513588705368,56.0
2012-08-26 23:00:00,80,94.57712545334202,46.0
2012-08-27 00:00:00,32,59.108261455727515,26.0
2012-08-27 01:00:00,7,48.600798418312934,10.0
2012-08-27 02:00:00,8,26.46788305272824,5.0
2012-08-27 03:00:00,4,14.093768562511919,3.0
2012-08-27 04:00:00,12,11.203934857502677,7.0
2012-08-27 05:00:00,36,38.47384948278721,37.0
2012-08-27 06:00:00,145,141.78536843081352,161.0
2012-08-27 07:00:00,433,390.4856062115097,442.0
2012-08-27 08:00:00,699,623.0345140208136,655.0
2012-08-27 09:00:00,342,303.135291813364,357.0
2012-08-27 10:00:00,206,194.99731418956452,193.0
2012-08-27 11:00:00,229,249.20102478908407,241.0
2012-08-27 12:00:00,283,313.03706396545846,282.0
2012-08-27 13:00:00,288,335.8354753845839,291.0
2012-08-27 14:00:00,246,260.42577260902476,275.0
2012-08-27 15:00:00,282,284.745730049247,309.0
2012-08-27 16:00:00,444,361.9243231067622,460.0
2012-08-27 17:00:00,845,730.4384243807708,893.0
2012-08-27 18:00:00,834,767.3691128382507,815.0
2012-08-27 19:00:00,573,349.82500502797416,299.0
2012-08-27 20:00:00,416,259.84412319210026,261.0
2012-08-27 21:00:00,278,231.57732201247606,245.0
2012-08-27 22:00:00,161,147.93945416520987,161.0
2012-08-27 23:00:00,114,90.7974197441708,102.0
2012-08-28 00:00:00,38,55.64574343721273,59.0
2012-08-28 01:00:00,21,34.14480735216213,33.0
2012-08-28 02:00:00,15,9.26062859111533,8.0
2012-08-28 03:00:00,4,7.758289508308614,3.0
2012-08-28 04:00:00,8,10.22664910270341,4.0
2012-08-28 05:00:00,42,39.84003005174297,34.0
2012-08-28 06:00:00,147,146.30803086777593,169.0
2012-08-28 07:00:00,269,492.7238144071506,519.0
2012-08-28 08:00:00,693,655.8294661590279,723.0
2012-08-28 09:00:00,395,318.18315616740153,328.0
2012-08-28 10:00:00,204,192.97775508235893,178.0
2012-08-28 11:00:00,218,248.52395839389402,256.0
2012-08-28 12:00:00,297,302.9418075271946,305.0
2012-08-28 13:00:00,288,289.41353038882187,331.0
2012-08-28 14:00:00,251,297.3623033515555,302.0
2012-08-28 15:00:00,317,302.61515575026186,302.0
2012-08-28 16:00:00,480,431.9247181654454,467.0
2012-08-28 17:00:00,864,865.7654772206458,878.0
2012-08-28 18:00:00,818,781.4631825594157,625.0
2012-08-28 19:00:00,597,530.0283116973809,476.0
2012-08-28 20:00:00,435,387.72867489131437,358.0
2012-08-28 21:00:00,314,289.52841154103874,280.0
2012-08-28 22:00:00,216,220.07318199091083,232.0
2012-08-28 23:00:00,109,128.72368257124836,136.0
2012-08-29 00:00:00,47,54.22676396188352,55.0
2012-08-29 01:00:00,14,24.4866890639324,21.0
2012-08-29 02:00:00,6,17.881098127565433,17.0
2012-08-29 03:00:00,9,9.126384647983013,7.0
2012-08-29 04:00:00,10,9.59431348867683,8.0
2012-08-29 05:00:00,40,42.00121745315289,40.0
2012-08-29 06:00:00,181,171.5064464559761,187.0
2012-08-29 07:00:00,554,508.18032500263706,553.0
2012-08-29 08:00:00,808,722.0422270923417,740.0
2012-08-29 09:00:00,348,377.06179564979294,376.0
2012-08-29 10:00:00,178,225.98150566611926,225.0
2012-08-29 11:00:00,253,250.0537828655352,267.0
2012-08-29 12:00:00,360,315.13020393361086,312.0
2012-08-29 13:00:00,300,309.54562976587175,316.0
2012-08-29 14:00:00,301,269.87375767362187,266.0
2012-08-29 15:00:00,338,312.85666119592156,316.0
2012-08-29 16:00:00,493,448.0263598089693,460.0
2012-08-29 17:00:00,870,853.8552592438492,783.0
2012-08-29 18:00:00,812,825.0807793713434,683.0
2012-08-29 19:00:00,643,583.8360972835428,580.0
2012-08-29 20:00:00,427,393.89980063378056,391.0
2012-08-29 21:00:00,313,336.70703766641924,351.0
2012-08-29 22:00:00,235,251.37738894028524,281.0
2012-08-29 23:00:00,157,129.36037038221886,140.0
2012-08-30 00:00:00,65,58.39135360770949,60.0
2012-08-30 01:00:00,23,25.83510863479894,25.0
2012-08-30 02:00:00,17,15.591154044068459,20.0
2012-08-30 03:00:00,5,11.031496490789182,9.0
2012-08-30 04:00:00,8,10.56033400026491,6.0
2012-08-30 05:00:00,35,42.00121745315289,37.0
2012-08-30 06:00:00,163,187.2726868262622,192.0
2012-08-30 07:00:00,532,519.4690458794121,481.0
2012-08-30 08:00:00,754,785.2167014234049,707.0
2012-08-30 09:00:00,396,384.0202279661974,412.0
2012-08-30 10:00:00,234,222.69866710494932,233.0
2012-08-30 11:00:00,276,268.2194932098726,278.0
2012-08-30 12:00:00,294,334.3903354895267,332.0
2012-08-30 13:00:00,290,322.4460526835398,346.0
2012-08-30 14:00:00,273,317.35382534357313,305.0
2012-08-30 15:00:00,338,306.3258340392111,305.0
2012-08-30 16:00:00,482,447.95910111098044,465.0
2012-08-30 17:00:00,844,817.0120181588804,820.0
2012-08-30 18:00:00,853,834.1832303109173,941.0
2012-08-30 19:00:00,610,641.7559585208274,633.0
2012-08-30 20:00:00,471,433.28859475181156,474.0
2012-08-30 21:00:00,307,306.0732025044907,329.0
2012-08-30 22:00:00,291,225.0904741649681,198.0
2012-08-30 23:00:00,152,159.13671059437473,157.0
2012-08-31 00:00:00,82,95.82855043882223,111.0
2012-08-31 01:00:00,32,43.45309357929023,42.0
2012-08-31 02:00:00,20,14.665837885716053,16.0
2012-08-31 03:00:00,5,6.546218899336435,8.0
2012-08-31 04:00:00,7,6.92831708186253,8.0
2012-08-31 05:00:00,29,37.38224267544341,38.0
2012-08-31 06:00:00,108,143.4243333608219,151.0
2012-08-31 07:00:00,421,430.1841473519002,425.0
2012-08-31 08:00:00,690,704.0682252640242,744.0
2012-08-31 09:00:00,398,380.70456602786294,389.0
2012-08-31 10:00:00,256,258.08181325914984,262.0
2012-08-31 11:00:00,309,298.46362275643435,281.0
2012-08-31 12:00:00,410,364.74282633004174,371.0
2012-08-31 13:00:00,368,352.4482056942283,351.0
2012-08-31 14:00:00,436,342.2070643020138,338.0
2012-08-31 15:00:00,526,334.2679415533052,350.0
2012-08-31 16:00:00,528,473.5003394457714,515.0
2012-08-31 17:00:00,617,776.400117946333,812.0
2012-08-31 18:00:00,546,778.1202218725005,736.0
2012-08-31 19:00:00,452,522.7998155157121,536.0
2012-08-31 20:00:00,356,376.22965867004456,363.0
2012-08-31 21:00:00,303,294.73859060723316,306.0
2012-08-31 22:00:00,277,259.85496631364583,251.0
2012-08-31 23:00:00,174,163.617273675886,178.0
2012-09-01 00:00:00,168,115.05786801851873,135.0
2012-09-01 01:00:00,79,99.40641252455193,115.0
2012-09-01 02:00:00,69,70.45353705248311,79.0
2012-09-01 03:00:00,35,38.30819877093034,38.0
2012-09-01 04:00:00,12,15.860233338971966,12.0
2012-09-01 05:00:00,22,22.083682101283447,14.0
2012-09-01 06:00:00,36,49.201827741606905,30.0
2012-09-01 07:00:00,66,128.38343271617848,102.0
2012-09-01 08:00:00,162,232.1202544091984,162.0
2012-09-01 09:00:00,237,308.76083767630223,288.0
2012-09-01 10:00:00,417,407.73522096244045,442.0
2012-09-01 11:00:00,492,431.67146274581205,457.0
2012-09-01 12:00:00,471,510.1551270412166,584.0
2012-09-01 13:00:00,504,518.442471666733,517.0
2012-09-01 14:00:00,514,453.0829294552131,482.0
2012-09-01 15:00:00,563,374.7111598368238,233.0
2012-09-01 16:00:00,462,456.6223775770652,434.0
2012-09-01 17:00:00,463,402.48262834499883,403.0
2012-09-01 18:00:00,442,381.4583395975188,383.0
2012-09-01 19:00:00,392,259.90062081867296,354.0
2012-09-01 20:00:00,207,226.14080221779736,241.0
2012-09-01 21:00:00,104,134.15685731094632,208.0
2012-09-01 22:00:00,78,199.89926320037853,182.0
2012-09-01 23:00:00,145,166.51850624930557,158.0
2012-09-02 00:00:00,99,136.49155652089337,134.0
2012-09-02 01:00:00,73,109.35881262592036,134.0
2012-09-02 02:00:00,84,103.92465810561153,116.0
2012-09-02 03:00:00,42,49.73210588193359,53.0
2012-09-02 04:00:00,22,18.603493428339753,16.0
2012-09-02 05:00:00,12,21.840212417393943,16.0
2012-09-02 06:00:00,15,21.319427336240548,21.0
2012-09-02 07:00:00,42,48.25385698725547,34.0
2012-09-02 08:00:00,129,124.29009242172037,133.0
2012-09-02 09:00:00,232,198.98516105903724,263.0
2012-09-02 10:00:00,388,358.1442115798083,385.0
2012-09-02 11:00:00,489,461.1376058750729,482.0
2012-09-02 12:00:00,545,424.930080132135,626.0
2012-09-02 13:00:00,493,403.60087748753193,541.0
2012-09-02 14:00:00,457,261.7791996050376,377.0
2012-09-02 15:00:00,355,277.0850659876989,391.0
2012-09-02 16:00:00,474,334.3558119106771,173.0
2012-09-02 17:00:00,503,354.450875594255,233.0
2012-09-02 18:00:00,500,363.1920731972534,264.0
2012-09-02 19:00:00,292,290.38298583485044,292.0
2012-09-02 20:00:00,104,171.74676537842646,211.0
2012-09-02 21:00:00,171,164.73026878120416,166.0
2012-09-02 22:00:00,166,69.45057713203668,114.0
2012-09-02 23:00:00,123,69.80556109883634,80.0
2012-09-03 00:00:00,104,53.95951300940023,32.0
2012-09-03 01:00:00,55,20.535646587347337,7.0
2012-09-03 02:00:00,40,22.825916187457963,8.0
2012-09-03 03:00:00,28,15.752139692967054,4.0
2012-09-03 04:00:00,11,17.682409119467856,12.0
2012-09-03 05:00:00,4,37.23610899503888,36.0
2012-09-03 06:00:00,15,93.74746963056013,145.0
2012-09-03 07:00:00,43,185.13945814655736,433.0
2012-09-03 08:00:00,127,350.28693650079094,699.0
2012-09-03 09:00:00,229,203.348607776265,342.0
2012-09-03 10:00:00,359,320.61626188900334,206.0
2012-09-03 11:00:00,459,355.8143023327961,229.0
2012-09-03 12:00:00,543,410.6745332253664,283.0
2012-09-03 13:00:00,566,441.76059527383796,288.0
2012-09-03 14:00:00,512,358.6977512812646,246.0
2012-09-03 15:00:00,449,340.38665595851387,282.0
2012-09-03 16:00:00,500,378.24947134592236,444.0
2012-09-03 17:00:00,498,541.3449006989332,845.0
2012-09-03 18:00:00,482,548.5073327068835,834.0
2012-09-03 19:00:00,374,452.21200348191536,573.0
2012-09-03 20:00:00,261,290.4811775226328,416.0
2012-09-03 21:00:00,184,228.5056722088949,278.0
2012-09-03 22:00:00,121,159.57108278805862,161.0
2012-09-03 23:00:00,70,110.11301251857786,114.0
2012-09-04 00:00:00,29,47.5074815205644,38.0
2012-09-04 01:00:00,24,26.00651838566947,21.0
2012-09-04 02:00:00,5,23.143364719136088,15.0
2012-09-04 03:00:00,10,14.60804003044174,4.0
2012-09-04 04:00:00,8,11.371321041387553,8.0
2012-09-04 05:00:00,38,38.44794476296979,42.0
2012-09-04 06:00:00,172,114.08908857870362,147.0
2012-09-04 07:00:00,493,232.12698157322583,269.0
2012-09-04 08:00:00,632,604.1489215810565,693.0
2012-09-04 09:00:00,323,321.3848680673823,395.0
2012-09-04 10:00:00,172,246.31541166917782,204.0
2012-09-04 11:00:00,198,280.3764322964251,218.0
2012-09-04 12:00:00,287,393.28783938941064,297.0
2012-09-04 13:00:00,275,377.791707843322,288.0
2012-09-04 14:00:00,274,313.4101421017268,251.0
2012-09-04 15:00:00,292,345.4989979069007,317.0
2012-09-04 16:00:00,458,460.2424615423903,480.0
2012-09-04 17:00:00,856,735.37683835073,864.0
2012-09-04 18:00:00,839,700.7946345046934,818.0
2012-09-04 19:00:00,552,522.2851863459587,597.0
2012-09-04 20:00:00,385,376.82570013774927,435.0
2012-09-04 21:00:00,268,280.3390222349295,314.0
2012-09-04 22:00:00,179,188.80931630961535,216.0
2012-09-04 23:00:00,95,97.62581621288486,109.0
2012-09-05 00:00:00,37,44.34791920740785,47.0
2012-09-05 01:00:00,13,20.71608027596285,14.0
2012-09-05 02:00:00,9,10.840550620658247,6.0
2012-09-05 03:00:00,4,14.217212675163307,9.0
2012-09-05 04:00:00,5,13.754331975908388,10.0
2012-09-05 05:00:00,40,38.06591728095316,40.0
2012-09-05 06:00:00,210,178.72723931858266,181.0
2012-09-05 07:00:00,500,522.2898144359905,554.0
2012-09-05 08:00:00,725,688.7612579694903,808.0
2012-09-05 09:00:00,290,335.34351089837156,348.0
2012-09-05 10:00:00,235,172.44171302982346,178.0
2012-09-05 11:00:00,217,233.32662178250297,253.0
2012-09-05 12:00:00,266,316.15758584319093,360.0
2012-09-05 13:00:00,234,287.35181936090044,300.0
2012-09-05 14:00:00,211,287.86583525088975,301.0
2012-09-05 15:00:00,245,305.26679193012734,338.0
2012-09-05 16:00:00,430,443.05399569400595,493.0
2012-09-05 17:00:00,863,794.8403149530927,870.0
2012-09-05 18:00:00,839,755.8140588684917,812.0
2012-09-05 19:00:00,662,582.2757986446902,643.0
2012-09-05 20:00:00,412,327.3610556012685,427.0
2012-09-05 21:00:00,296,276.8208329268484,313.0
2012-09-05 22:00:00,219,204.11768592523092,235.0
2012-09-05 23:00:00,150,140.7084757796333,157.0
2012-09-06 00:00:00,65,59.91791490599453,65.0
2012-09-06 01:00:00,18,23.685711448901777,23.0
2012-09-06 02:00:00,8,14.874901497261979,17.0
2012-09-06 03:00:00,9,10.840550620658247,5.0
2012-09-06 04:00:00,8,11.130306580167252,8.0
2012-09-06 05:00:00,38,41.38818697798571,35.0
2012-09-06 06:00:00,200,175.27793888417744,163.0
2012-09-06 07:00:00,482,489.09859261538526,532.0
2012-09-06 08:00:00,646,579.7048377612277,754.0
2012-09-06 09:00:00,123,210.98253211869553,396.0
2012-09-06 10:00:00,49,110.96996040627032,234.0
2012-09-06 11:00:00,62,136.66890778099452,276.0
2012-09-06 12:00:00,137,272.2198932508733,294.0
2012-09-06 13:00:00,191,247.98045522775317,290.0
2012-09-06 14:00:00,216,246.0864498013683,273.0
2012-09-06 15:00:00,270,287.1681153609873,338.0
2012-09-06 16:00:00,416,430.89963816567376,482.0
2012-09-06 17:00:00,808,780.3852539120641,844.0
2012-09-06 18:00:00,835,782.6721735371017,853.0
2012-09-06 19:00:00,558,626.4480121215981,610.0
2012-09-06 20:00:00,406,418.2928513971215,471.0
2012-09-06 21:00:00,272,239.53793768995752,307.0
2012-09-06 22:00:00,217,215.94127937404465,291.0
2012-09-06 23:00:00,169,135.81333349321466,152.0
2012-09-07 00:00:00,96,67.11981479596395,82.0
2012-09-07 01:00:00,29,31.011349956849866,32.0
2012-09-07 02:00:00,11,16.781310678885678,20.0
2012-09-07 03:00:00,9,10.346803351993888,5.0
2012-09-07 04:00:00,8,8.960578644860586,7.0
2012-09-07 05:00:00,40,29.981087542505776,29.0
2012-09-07 06:00:00,140,135.37671257229036,108.0
2012-09-07 07:00:00,486,394.9898075752767,421.0
2012-09-07 08:00:00,719,642.3433120886311,690.0
2012-09-07 09:00:00,344,337.57423613347385,398.0
2012-09-07 10:00:00,224,261.6916670742987,256.0
2012-09-07 11:00:00,296,317.0596957607485,309.0
2012-09-07 12:00:00,323,339.4311289198752,410.0
2012-09-07 13:00:00,354,323.69597363701587,368.0
2012-09-07 14:00:00,253,361.9603558965333,436.0
2012-09-07 15:00:00,331,463.5614652508974,526.0
2012-09-07 16:00:00,470,503.3005854171453,528.0
2012-09-07 17:00:00,772,696.5989307433495,617.0
2012-09-07 18:00:00,792,670.8651915617401,546.0
2012-09-07 19:00:00,568,459.56850921816715,452.0
2012-09-07 20:00:00,391,365.1463416362525,356.0
2012-09-07 21:00:00,301,287.61813975946984,303.0
2012-09-07 22:00:00,299,236.30620978161394,277.0
2012-09-07 23:00:00,248,154.82621393209683,174.0
2012-09-08 00:00:00,150,141.32798910426794,168.0
2012-09-08 01:00:00,117,62.068803609949974,79.0
2012-09-08 02:00:00,77,58.239920492130764,69.0
2012-09-08 03:00:00,43,33.95213653272455,35.0
2012-09-08 04:00:00,11,8.703514743063343,12.0
2012-09-08 05:00:00,15,19.90880883284908,22.0
2012-09-08 06:00:00,34,60.13106101172298,36.0
2012-09-08 07:00:00,82,90.51144347752548,66.0
2012-09-08 08:00:00,230,230.2683388718236,162.0
2012-09-08 09:00:00,348,253.7183928594116,237.0
2012-09-08 10:00:00,422,396.6797001081325,417.0
2012-09-08 11:00:00,578,454.75385801412455,492.0
2012-09-08 12:00:00,694,413.83317258194216,471.0
2012-09-08 13:00:00,668,459.27570135409604,504.0
2012-09-08 14:00:00,626,492.1207363714492,514.0
2012-09-08 15:00:00,512,267.0712706115061,563.0
2012-09-08 16:00:00,114,225.50443529162408,462.0
2012-09-08 17:00:00,171,292.96756039028725,463.0
2012-09-08 18:00:00,167,308.63566944194497,442.0
2012-09-08 19:00:00,215,159.9939765300028,392.0
2012-09-08 20:00:00,194,199.46429618536968,207.0
2012-09-08 21:00:00,181,184.42992996341803,104.0
2012-09-08 22:00:00,194,173.9965439664167,78.0
2012-09-08 23:00:00,133,200.16228552027872,145.0
2012-09-09 00:00:00,124,109.97425445212228,99.0
2012-09-09 01:00:00,124,83.08046259536928,73.0
2012-09-09 02:00:00,96,75.1737100098712,84.0
2012-09-09 03:00:00,46,47.782536607534695,42.0
2012-09-09 04:00:00,28,25.195380541267273,22.0
2012-09-09 05:00:00,55,17.60123753985988,12.0
2012-09-09 06:00:00,35,26.143721926495886,15.0
2012-09-09 07:00:00,70,71.48257958229382,42.0
2012-09-09 08:00:00,170,173.07010344263446,129.0
2012-09-09 09:00:00,299,269.9812462974685,232.0
2012-09-09 10:00:00,495,394.4723957391679,388.0
2012-09-09 11:00:00,585,531.1970675806258,489.0
2012-09-09 12:00:00,757,605.4655329599375,545.0
2012-09-09 13:00:00,729,594.0838196480559,493.0
2012-09-09 14:00:00,647,544.72927007462,457.0
2012-09-09 15:00:00,696,439.8127417227066,355.0
2012-09-09 16:00:00,701,419.21546917182457,474.0
2012-09-09 17:00:00,671,443.12934397843196,503.0
2012-09-09 18:00:00,560,441.9490316444364,500.0
2012-09-09 19:00:00,496,322.59860544906405,292.0
2012-09-09 20:00:00,356,194.3352349857527,104.0
2012-09-09 21:00:00,206,188.4912497377935,171.0
2012-09-09 22:00:00,189,179.29027790987266,166.0
2012-09-09 23:00:00,92,124.19221371660969,123.0
2012-09-10 00:00:00,41,84.66738110347707,104.0
2012-09-10 01:00:00,18,55.375725022091345,55.0
2012-09-10 02:00:00,17,53.881483044952525,40.0
2012-09-10 03:00:00,12,30.744336826874967,28.0
2012-09-10 04:00:00,5,20.271646580872332,11.0
2012-09-10 05:00:00,40,15.53096868421565,4.0
2012-09-10 06:00:00,180,52.93352855022624,15.0
2012-09-10 07:00:00,447,146.5439443690902,43.0
2012-09-10 08:00:00,730,258.8832134459727,127.0
2012-09-10 09:00:00,361,257.90429737308017,229.0
2012-09-10 10:00:00,210,289.87953723511595,359.0
2012-09-10 11:00:00,236,335.4140287498318,459.0
2012-09-10 12:00:00,332,482.7519611065007,543.0
2012-09-10 13:00:00,323,455.61345623057906,566.0
2012-09-10 14:00:00,340,397.0702449434891,512.0
2012-09-10 15:00:00,346,460.85864509082984,449.0
2012-09-10 16:00:00,488,572.0754233561568,500.0
2012-09-10 17:00:00,871,689.0178670221284,498.0
2012-09-10 18:00:00,968,621.528767310249,482.0
2012-09-10 19:00:00,633,515.1316219336591,374.0
2012-09-10 20:00:00,390,391.2673254392773,261.0
2012-09-10 21:00:00,285,219.71527039891433,184.0
2012-09-10 22:00:00,159,174.84908615697032,121.0
2012-09-10 23:00:00,93,101.60621183707505,70.0
2012-09-11 00:00:00,32,33.15312096194658,29.0
2012-09-11 01:00:00,10,26.380189870899375,24.0
2012-09-11 02:00:00,6,11.581409732630148,5.0
2012-09-11 03:00:00,8,13.272392210691986,10.0
2012-09-11 04:00:00,9,9.190542114776694,8.0
2012-09-11 05:00:00,44,41.61967014293792,38.0
2012-09-11 06:00:00,211,177.49971366580354,172.0
2012-09-11 07:00:00,596,489.0919040686522,493.0
2012-09-11 08:00:00,750,674.8588324601471,632.0
2012-09-11 09:00:00,358,355.9399758009373,323.0
2012-09-11 10:00:00,196,216.6417859256128,172.0
2012-09-11 11:00:00,247,244.42289550669653,198.0
2012-09-11 12:00:00,316,308.8662635773344,287.0
2012-09-11 13:00:00,328,300.6004928720425,275.0
2012-09-11 14:00:00,255,300.6004928720425,274.0
2012-09-11 15:00:00,326,320.9553513823813,292.0
2012-09-11 16:00:00,536,459.5781600523725,458.0
2012-09-11 17:00:00,970,855.144943072506,856.0
2012-09-11 18:00:00,877,855.158285351878,839.0
2012-09-11 19:00:00,596,573.7191417472266,552.0
2012-09-11 20:00:00,461,388.3891168363518,385.0
2012-09-11 21:00:00,310,280.02022154240166,268.0
2012-09-11 22:00:00,216,170.9022759997933,179.0
2012-09-11 23:00:00,109,100.98867319832215,95.0
2012-09-12 00:00:00,49,42.93659003747053,37.0
2012-09-12 01:00:00,21,15.466092898071748,13.0
2012-09-12 02:00:00,11,11.523492108083515,9.0
2012-09-12 03:00:00,7,9.53299554744351,4.0
2012-09-12 04:00:00,5,9.53299554744351,5.0
2012-09-12 05:00:00,48,42.16629845430307,40.0
2012-09-12 06:00:00,205,223.9967494541418,210.0
2012-09-12 07:00:00,557,551.5093122667952,500.0
2012-09-12 08:00:00,770,712.8440479525236,725.0
2012-09-12 09:00:00,328,344.1626942284387,290.0
2012-09-12 10:00:00,205,227.49904792126023,235.0
2012-09-12 11:00:00,232,246.1700779519783,217.0
2012-09-12 12:00:00,352,293.2742962960881,266.0
2012-09-12 13:00:00,323,285.6658449179833,234.0
2012-09-12 14:00:00,278,256.15461033438805,211.0
2012-09-12 15:00:00,318,281.9676264205008,245.0
2012-09-12 16:00:00,509,490.4368202241826,430.0
2012-09-12 17:00:00,925,851.5607353999135,863.0
2012-09-12 18:00:00,977,845.174850218235,839.0
2012-09-12 19:00:00,635,667.9554236379945,662.0
2012-09-12 20:00:00,470,422.45101750372964,412.0
2012-09-12 21:00:00,306,312.7393731198062,296.0
2012-09-12 22:00:00,212,228.34800391657518,219.0
2012-09-12 23:00:00,127,139.8782325131749,150.0
2012-09-13 00:00:00,57,61.84229759659452,65.0
2012-09-13 01:00:00,28,21.99285818760123,18.0
2012-09-13 02:00:00,9,11.378572325462093,8.0
2012-09-13 03:00:00,11,11.613906916913745,9.0
2012-09-13 04:00:00,6,9.708795074107577,8.0
2012-09-13 05:00:00,57,42.15398960491407,38.0
2012-09-13 06:00:00,195,200.66930980528352,200.0
2012-09-13 07:00:00,571,514.4712726584186,482.0
2012-09-13 08:00:00,758,676.0523838724787,646.0
2012-09-13 09:00:00,338,234.16648329805318,123.0
2012-09-13 10:00:00,212,169.02811234162672,49.0
2012-09-13 11:00:00,254,194.70481037338885,62.0
2012-09-13 12:00:00,297,248.28667836179991,137.0
2012-09-13 13:00:00,283,248.14877219870277,191.0
2012-09-13 14:00:00,274,272.85199226958247,216.0
2012-09-13 15:00:00,352,282.63681606379316,270.0
2012-09-13 16:00:00,491,461.6045666414183,416.0
2012-09-13 17:00:00,884,847.9127802097032,808.0
2012-09-13 18:00:00,852,827.686444845488,835.0
2012-09-13 19:00:00,674,563.110702799342,558.0
2012-09-13 20:00:00,463,407.03301828125433,406.0
2012-09-13 21:00:00,317,288.94073215132835,272.0
2012-09-13 22:00:00,251,223.7904346117187,217.0
2012-09-13 23:00:00,170,155.94388573162078,169.0
2012-09-14 00:00:00,87,74.18689159178953,96.0
2012-09-14 01:00:00,41,31.931064336118517,29.0
2012-09-14 02:00:00,30,13.40732039704954,11.0
2012-09-14 03:00:00,14,11.729160126629264,9.0
2012-09-14 04:00:00,12,8.63162882985153,8.0
2012-09-14 05:00:00,41,40.794522667627774,40.0
2012-09-14 06:00:00,152,151.05061140778204,140.0
2012-09-14 07:00:00,454,467.7630759689865,486.0
2012-09-14 08:00:00,766,696.1617696652617,719.0
2012-09-14 09:00:00,347,334.92090898233937,344.0
2012-09-14 10:00:00,246,237.09439277160715,224.0
2012-09-14 11:00:00,280,301.0509773374381,296.0
2012-09-14 12:00:00,409,332.17962167488344,323.0
2012-09-14 13:00:00,408,344.69612594506157,354.0
2012-09-14 14:00:00,371,291.4391271535907,253.0
2012-09-14 15:00:00,367,348.6704554481109,331.0
2012-09-14 16:00:00,563,452.8026949263318,470.0
2012-09-14 17:00:00,894,810.7496100400365,772.0
2012-09-14 18:00:00,808,797.4832710934845,792.0
2012-09-14 19:00:00,579,566.4437475405614,568.0
2012-09-14 20:00:00,404,370.23383156790186,391.0
2012-09-14 21:00:00,312,295.5946059601803,301.0
2012-09-14 22:00:00,229,234.37646010623322,299.0
2012-09-14 23:00:00,195,210.76058606844794,248.0
2012-09-15 00:00:00,207,134.92114021096992,150.0
2012-09-15 01:00:00,109,102.05340106750486,117.0
2012-09-15 02:00:00,93,69.01354397862741,77.0
2012-09-15 03:00:00,37,44.065366085538415,43.0
2012-09-15 04:00:00,6,14.08000006892476,11.0
2012-09-15 05:00:00,16,1.987657598106632,15.0
2012-09-15 06:00:00,33,88.75741154467428,34.0
2012-09-15 07:00:00,73,141.1015197252737,82.0
2012-09-15 08:00:00,212,324.30515330333685,230.0
2012-09-15 09:00:00,342,320.1824187156578,348.0
2012-09-15 10:00:00,442,421.9106941728633,422.0
2012-09-15 11:00:00,627,547.4147671300242,578.0
2012-09-15 12:00:00,706,612.8207241618,694.0
2012-09-15 13:00:00,704,610.9961140931106,668.0
2012-09-15 14:00:00,715,612.8884355813666,626.0
2012-09-15 15:00:00,654,541.6880079943885,512.0
2012-09-15 16:00:00,783,426.6881089661492,114.0
2012-09-15 17:00:00,729,535.903961325506,171.0
2012-09-15 18:00:00,614,523.9177399256549,167.0
2012-09-15 19:00:00,478,363.6302427674902,215.0
2012-09-15 20:00:00,330,295.73683170669193,194.0
2012-09-15 21:00:00,296,266.36108398016944,181.0
2012-09-15 22:00:00,279,232.9080522219901,194.0
2012-09-15 23:00:00,229,173.6836988607509,133.0
2012-09-16 00:00:00,151,162.93814577330318,124.0
2012-09-16 01:00:00,117,123.36665192364349,124.0
2012-09-16 02:00:00,89,84.85975277984765,96.0
2012-09-16 03:00:00,48,46.457116769488565,46.0
2012-09-16 04:00:00,8,24.36598147886946,28.0
2012-09-16 05:00:00,13,51.38177049780106,55.0
2012-09-16 06:00:00,35,43.578069245609235,35.0
2012-09-16 07:00:00,71,88.5896641988491,70.0
2012-09-16 08:00:00,128,186.2211310949436,170.0
2012-09-16 09:00:00,296,290.88762058983184,299.0
2012-09-16 10:00:00,490,467.96704114956253,495.0
2012-09-16 11:00:00,559,555.3650817530754,585.0
2012-09-16 12:00:00,656,627.9353648611805,757.0
2012-09-16 13:00:00,694,610.9426031049609,729.0
2012-09-16 14:00:00,635,641.7602331634384,647.0
2012-09-16 15:00:00,557,579.9777044634736,696.0
2012-09-16 16:00:00,596,621.5940294417575,701.0
2012-09-16 17:00:00,570,575.820002902762,671.0
2012-09-16 18:00:00,481,541.767930977722,560.0
2012-09-16 19:00:00,403,454.34142222404574,496.0
2012-09-16 20:00:00,324,332.9543174237588,356.0
2012-09-16 21:00:00,191,257.1745550637581,206.0
2012-09-16 22:00:00,127,212.22648811874916,189.0
2012-09-16 23:00:00,94,134.39809168146354,92.0
2012-09-17 00:00:00,45,75.28516923863133,41.0
2012-09-17 01:00:00,21,30.8626294874052,18.0
2012-09-17 02:00:00,13,33.0835474433348,17.0
2012-09-17 03:00:00,7,18.84531778095797,12.0
2012-09-17 04:00:00,11,9.53299554744351,5.0
2012-09-17 05:00:00,45,37.234181555692906,40.0
2012-09-17 06:00:00,164,163.47332385317986,180.0
2012-09-17 07:00:00,492,408.9607745425727,447.0
2012-09-17 08:00:00,683,683.6589375090327,730.0
2012-09-17 09:00:00,299,326.62916393748515,361.0
2012-09-17 10:00:00,202,223.98639709037735,210.0
2012-09-17 11:00:00,252,250.4277302907276,236.0
2012-09-17 12:00:00,295,390.2946128314181,332.0
2012-09-17 13:00:00,343,438.5094573863243,323.0
2012-09-17 14:00:00,332,344.5514684819896,340.0
2012-09-17 15:00:00,338,322.1134118053398,346.0
2012-09-17 16:00:00,453,475.5434407607882,488.0
2012-09-17 17:00:00,842,720.033221126997,871.0
2012-09-17 18:00:00,774,684.309176146418,968.0
2012-09-17 19:00:00,486,533.3699620031606,633.0
2012-09-17 20:00:00,340,348.032004448958,390.0
2012-09-17 21:00:00,233,151.23328521753,285.0
2012-09-17 22:00:00,129,93.75508213308916,159.0
2012-09-17 23:00:00,70,69.14124399298288,93.0
2012-09-18 00:00:00,13,20.206320160734307,32.0
2012-09-18 01:00:00,5,9.288276644904222,10.0
2012-09-18 02:00:00,4,7.1954870578947325,6.0
2012-09-18 03:00:00,6,5.965697273398158,8.0
2012-09-18 04:00:00,7,2.6561347608928805,9.0
2012-09-18 05:00:00,48,35.65788788334174,44.0
2012-09-18 06:00:00,167,173.42071959519834,211.0
2012-09-18 07:00:00,356,429.7601391415209,596.0
2012-09-18 08:00:00,672,660.5968572359387,750.0
2012-09-18 09:00:00,293,290.12710462722856,358.0
2012-09-18 10:00:00,160,98.33204742940241,196.0
2012-09-18 11:00:00,151,201.7184614135683,247.0
2012-09-18 12:00:00,88,176.2359779408624,316.0
2012-09-18 13:00:00,114,276.3454163170439,328.0
2012-09-18 14:00:00,143,74.53718621428621,255.0
2012-09-18 15:00:00,36,123.64000701549408,326.0
2012-09-18 16:00:00,141,201.67450988757048,536.0
2012-09-18 17:00:00,338,474.61232134921363,970.0
2012-09-18 18:00:00,281,545.4170918840938,877.0
2012-09-18 19:00:00,324,340.7629284195141,596.0
2012-09-18 20:00:00,290,290.0085759261178,461.0
2012-09-18 21:00:00,207,216.0147644648469,310.0
2012-09-18 22:00:00,151,81.71560500216825,216.0
2012-09-18 23:00:00,78,94.08886256121386,109.0
2012-09-19 00:00:00,26,40.053687322274406,49.0
2012-09-19 01:00:00,12,17.45049051845202,21.0
2012-09-19 02:00:00,3,12.44926216914028,11.0
2012-09-19 03:00:00,5,9.768998415363072,7.0
2012-09-19 04:00:00,10,7.299163944400313,5.0
2012-09-19 05:00:00,56,44.35778596593281,48.0
2012-09-19 06:00:00,172,197.75884945683035,205.0
2012-09-19 07:00:00,545,511.0537334359977,557.0
2012-09-19 08:00:00,797,699.8134349606055,770.0
2012-09-19 09:00:00,362,319.80197822105015,328.0
2012-09-19 10:00:00,192,201.82925977910347,205.0
2012-09-19 11:00:00,247,222.8004303833765,232.0
2012-09-19 12:00:00,313,288.87153530722844,352.0
2012-09-19 13:00:00,289,275.26690652559574,323.0
2012-09-19 14:00:00,286,256.50105047269653,278.0
2012-09-19 15:00:00,311,315.705828192104,318.0
2012-09-19 16:00:00,466,444.5658753375522,509.0
2012-09-19 17:00:00,886,739.994353177651,925.0
2012-09-19 18:00:00,892,708.1500840232251,977.0
2012-09-19 19:00:00,611,564.8249516686421,635.0
2012-09-19 20:00:00,409,400.20882600037805,470.0
2012-09-19 21:00:00,349,267.29432780271566,306.0
2012-09-19 22:00:00,229,190.65148849890525,212.0
2012-09-19 23:00:00,123,113.7978000081009,127.0
2012-09-20 00:00:00,58,54.829194815536,57.0
2012-09-20 01:00:00,18,24.62186324954176,28.0
2012-09-20 02:00:00,11,10.2065722135509,9.0
2012-09-20 03:00:00,6,12.767917539384477,11.0
2012-09-20 04:00:00,6,10.332404112533654,6.0
2012-09-20 05:00:00,56,53.54991853915731,57.0
2012-09-20 06:00:00,170,196.6051333823911,195.0
2012-09-20 07:00:00,534,551.2571531472522,571.0
2012-09-20 08:00:00,790,717.7904694908135,758.0
2012-09-20 09:00:00,355,350.0233419830342,338.0
2012-09-20 10:00:00,190,217.52385120315472,212.0
2012-09-20 11:00:00,243,257.3907450733279,254.0
2012-09-20 12:00:00,290,314.38808524690796,297.0
2012-09-20 13:00:00,336,285.3397637675657,283.0
2012-09-20 14:00:00,298,285.3463775386988,274.0
2012-09-20 15:00:00,291,317.1958374059233,352.0
2012-09-20 16:00:00,457,464.70342994264,491.0
2012-09-20 17:00:00,976,836.2254438121062,884.0
2012-09-20 18:00:00,900,817.8650703115142,852.0
2012-09-20 19:00:00,603,627.2755154567269,674.0
2012-09-20 20:00:00,417,426.0627536507211,463.0
2012-09-20 21:00:00,274,308.48086526597416,317.0
2012-09-20 22:00:00,287,242.42191439655528,251.0
2012-09-20 23:00:00,154,149.73554211745832,170.0
2012-09-21 00:00:00,66,75.33855755200904,87.0
2012-09-21 01:00:00,49,41.42862932633075,41.0
2012-09-21 02:00:00,14,26.875006430229785,30.0
2012-09-21 03:00:00,12,13.153070750579383,14.0
2012-09-21 04:00:00,10,11.918595750100069,12.0
2012-09-21 05:00:00,49,43.699820854165324,41.0
2012-09-21 06:00:00,165,163.43266580891589,152.0
2012-09-21 07:00:00,503,491.5954038804254,454.0
2012-09-21 08:00:00,757,710.3792627834479,766.0
2012-09-21 09:00:00,383,351.94009504265097,347.0
2012-09-21 10:00:00,225,238.70324040942208,246.0
2012-09-21 11:00:00,321,274.44019068489325,280.0
2012-09-21 12:00:00,389,373.006164002221,409.0
2012-09-21 13:00:00,421,375.52718911128153,408.0
2012-09-21 14:00:00,412,363.67537551343514,371.0
2012-09-21 15:00:00,423,363.67537551343514,367.0
2012-09-21 16:00:00,567,517.2094991353407,563.0
2012-09-21 17:00:00,846,793.0793830602198,894.0
2012-09-21 18:00:00,805,760.3004955557501,808.0
2012-09-21 19:00:00,588,524.1058061629037,579.0
2012-09-21 20:00:00,369,380.23670206471525,404.0
2012-09-21 21:00:00,312,286.5329828533527,312.0
2012-09-21 22:00:00,295,238.6487390500955,229.0
2012-09-21 23:00:00,186,170.6433883838491,195.0
2012-09-22 00:00:00,172,171.5906556545753,207.0
2012-09-22 01:00:00,124,83.02805347491298,109.0
2012-09-22 02:00:00,83,70.54127704286006,93.0
2012-09-22 03:00:00,45,38.706153642266834,37.0
2012-09-22 04:00:00,15,12.586193931236462,6.0
2012-09-22 05:00:00,17,19.619755644163025,16.0
2012-09-22 06:00:00,41,66.89765686504045,33.0
2012-09-22 07:00:00,77,113.88837908601376,73.0
2012-09-22 08:00:00,218,288.94645958048653,212.0
2012-09-22 09:00:00,377,322.4232270701007,342.0
2012-09-22 10:00:00,474,412.8419658695475,442.0
2012-09-22 11:00:00,626,561.137589291322,627.0
2012-09-22 12:00:00,688,597.090316731516,706.0
2012-09-22 13:00:00,707,592.131388248859,704.0
2012-09-22 14:00:00,654,593.9461290131567,715.0
2012-09-22 15:00:00,750,578.925875649133,654.0
2012-09-22 16:00:00,680,620.801302120889,783.0
2012-09-22 17:00:00,646,634.5186644094148,729.0
2012-09-22 18:00:00,598,631.2036181673662,614.0
2012-09-22 19:00:00,407,451.00544145519325,478.0
2012-09-22 20:00:00,325,337.2427044691162,330.0
2012-09-22 21:00:00,261,309.23366457239575,296.0
2012-09-22 22:00:00,239,277.4000174621142,279.0
2012-09-22 23:00:00,171,217.16218855648034,229.0
2012-09-23 00:00:00,180,165.65389315850564,151.0
2012-09-23 01:00:00,142,124.57757730285378,117.0
2012-09-23 02:00:00,95,90.26986542409287,89.0
2012-09-23 03:00:00,54,54.09845951133391,48.0
2012-09-23 04:00:00,10,18.0391962648014,8.0
2012-09-23 05:00:00,6,17.619834535182278,13.0
2012-09-23 06:00:00,16,44.20919436911007,35.0
2012-09-23 07:00:00,57,90.51239621113989,71.0
2012-09-23 08:00:00,175,182.99898528282702,128.0
2012-09-23 09:00:00,276,320.4270927945461,296.0
2012-09-23 10:00:00,489,462.5747921822159,490.0
2012-09-23 11:00:00,570,540.2687645329632,559.0
2012-09-23 12:00:00,776,564.708627461956,656.0
2012-09-23 13:00:00,702,609.9856234522948,694.0
2012-09-23 14:00:00,666,596.3795294335698,635.0
2012-09-23 15:00:00,640,636.6436209229013,557.0
2012-09-23 16:00:00,691,596.0199814349451,596.0
2012-09-23 17:00:00,723,536.1412011011225,570.0
2012-09-23 18:00:00,540,496.5984794229681,481.0
2012-09-23 19:00:00,413,379.15336808204165,403.0
2012-09-23 20:00:00,252,303.570398261041,324.0
2012-09-23 21:00:00,196,223.68601178838685,191.0
2012-09-23 22:00:00,138,179.5873467127305,127.0
2012-09-23 23:00:00,100,109.29833576615982,94.0
2012-09-24 00:00:00,64,81.95621669961285,45.0
2012-09-24 01:00:00,18,70.64150779136924,21.0
2012-09-24 02:00:00,8,40.520888004995456,13.0
2012-09-24 03:00:00,5,16.56067069276065,7.0
2012-09-24 04:00:00,8,15.919962963572983,11.0
2012-09-24 05:00:00,37,40.66498022004766,45.0
2012-09-24 06:00:00,168,148.27620605428228,164.0
2012-09-24 07:00:00,530,484.6831961468536,492.0
2012-09-24 08:00:00,750,654.4181441705572,683.0
2012-09-24 09:00:00,328,308.9882355473137,299.0
2012-09-24 10:00:00,198,213.29324868791673,202.0
2012-09-24 11:00:00,238,273.75321809737034,252.0
2012-09-24 12:00:00,342,515.6814444724205,295.0
2012-09-24 13:00:00,328,458.5486705911214,343.0
2012-09-24 14:00:00,303,385.39777482341583,332.0
2012-09-24 15:00:00,300,373.8923565945384,338.0
2012-09-24 16:00:00,516,558.2557642595089,453.0
2012-09-24 17:00:00,898,781.1619033667564,842.0
2012-09-24 18:00:00,853,750.3703994676484,774.0
2012-09-24 19:00:00,590,507.61064988821636,486.0
2012-09-24 20:00:00,432,329.36753242054203,340.0
2012-09-24 21:00:00,256,232.8698107461003,233.0
2012-09-24 22:00:00,172,159.9272522224192,129.0
2012-09-24 23:00:00,94,98.2656839552403,70.0
2012-09-25 00:00:00,64,21.061405859432096,13.0
2012-09-25 01:00:00,13,12.534500992908473,5.0
2012-09-25 02:00:00,14,10.276504797263705,4.0
2012-09-25 03:00:00,5,9.934051364596888,6.0
2012-09-25 04:00:00,9,10.276504797263705,7.0
2012-09-25 05:00:00,47,46.02805035186484,48.0
2012-09-25 06:00:00,194,178.0177328521081,167.0
2012-09-25 07:00:00,556,457.2391014575919,356.0
2012-09-25 08:00:00,805,731.688295606602,672.0
2012-09-25 09:00:00,409,313.3553618838979,293.0
2012-09-25 10:00:00,170,207.8920079904071,160.0
2012-09-25 11:00:00,218,215.30169921296854,151.0
2012-09-25 12:00:00,302,235.88750326109297,88.0
2012-09-25 13:00:00,305,243.27206296497752,114.0
2012-09-25 14:00:00,293,244.0057682075552,143.0
2012-09-25 15:00:00,303,286.53959028843633,36.0
2012-09-25 16:00:00,495,428.46690694166296,141.0
2012-09-25 17:00:00,967,756.8835802631731,338.0
2012-09-25 18:00:00,822,737.9765283652471,281.0
2012-09-25 19:00:00,539,485.96807267545864,324.0
2012-09-25 20:00:00,425,383.84331151381247,290.0
2012-09-25 21:00:00,297,255.70713884969834,207.0
2012-09-25 22:00:00,188,177.84538208796965,151.0
2012-09-25 23:00:00,98,111.75919512020025,78.0
2012-09-26 00:00:00,40,33.35247103910952,26.0
2012-09-26 01:00:00,29,17.66935366515108,12.0
2012-09-26 02:00:00,17,13.167466253134343,3.0
2012-09-26 03:00:00,10,11.074952596506257,5.0
2012-09-26 04:00:00,14,14.342117949412422,10.0
2012-09-26 05:00:00,36,57.091340008227995,56.0
2012-09-26 06:00:00,182,188.14396364832365,172.0
2012-09-26 07:00:00,532,556.0529478548383,545.0
2012-09-26 08:00:00,838,799.942152522907,797.0
2012-09-26 09:00:00,334,387.57347537413904,362.0
2012-09-26 10:00:00,185,197.97208673067826,192.0
2012-09-26 11:00:00,227,248.9282644599469,247.0
2012-09-26 12:00:00,316,324.30962730654505,313.0
2012-09-26 13:00:00,340,314.7629477745845,289.0
2012-09-26 14:00:00,277,314.8599426625664,286.0
2012-09-26 15:00:00,300,328.36950788954596,311.0
2012-09-26 16:00:00,468,460.98301847890934,466.0
2012-09-26 17:00:00,953,861.7217252380356,886.0
2012-09-26 18:00:00,884,857.2819983118184,892.0
2012-09-26 19:00:00,627,608.8352473331992,611.0
2012-09-26 20:00:00,434,426.2986224174486,409.0
2012-09-26 21:00:00,360,340.09843730064557,349.0
2012-09-26 22:00:00,215,126.7838076911584,229.0
2012-09-26 23:00:00,115,122.68097698038153,123.0
2012-09-27 00:00:00,65,61.63061472602709,58.0
2012-09-27 01:00:00,21,24.862796515716617,18.0
2012-09-27 02:00:00,16,19.07489169828176,11.0
2012-09-27 03:00:00,7,14.248510653577481,6.0
2012-09-27 04:00:00,8,10.395191763463007,6.0
2012-09-27 05:00:00,66,56.18326416764453,56.0
2012-09-27 06:00:00,169,164.92544000195468,170.0
2012-09-27 07:00:00,558,529.6721601092628,534.0
2012-09-27 08:00:00,794,781.723944358842,790.0
2012-09-27 09:00:00,335,348.24304299484396,355.0
2012-09-27 10:00:00,208,199.50499507811384,190.0
2012-09-27 11:00:00,294,250.17245142781783,243.0
2012-09-27 12:00:00,335,318.3613191289556,290.0
2012-09-27 13:00:00,326,326.4814655991199,336.0
2012-09-27 14:00:00,258,320.5799486224003,298.0
2012-09-27 15:00:00,296,317.6947789843863,291.0
2012-09-27 16:00:00,472,424.4956202613729,457.0
2012-09-27 17:00:00,905,777.9306307415226,976.0
2012-09-27 18:00:00,899,769.4128344909597,900.0
2012-09-27 19:00:00,559,592.8442832421068,603.0
2012-09-27 20:00:00,457,417.078917356856,417.0
2012-09-27 21:00:00,253,172.30199027181158,274.0
2012-09-27 22:00:00,47,134.29983428439346,287.0
2012-09-27 23:00:00,45,95.06872403710106,154.0
2012-09-28 00:00:00,17,53.64037313833069,66.0
2012-09-28 01:00:00,13,40.496954178692725,49.0
2012-09-28 02:00:00,10,9.836609732217894,14.0
2012-09-28 03:00:00,7,13.88432919574555,12.0
2012-09-28 04:00:00,12,11.880899697892698,10.0
2012-09-28 05:00:00,38,45.55516670973367,49.0
2012-09-28 06:00:00,138,151.3505179960097,165.0
2012-09-28 07:00:00,394,417.86258721632413,503.0
2012-09-28 08:00:00,705,695.0161582711148,757.0
2012-09-28 09:00:00,426,323.6733130318654,383.0
2012-09-28 10:00:00,245,226.27652346391952,225.0
2012-09-28 11:00:00,361,330.7124143555386,321.0
2012-09-28 12:00:00,380,376.1790556197676,389.0
2012-09-28 13:00:00,410,392.88381651366365,421.0
2012-09-28 14:00:00,399,388.96441594661565,412.0
2012-09-28 15:00:00,392,389.8486534105561,423.0
2012-09-28 16:00:00,502,520.2599549208319,567.0
2012-09-28 17:00:00,808,809.5030422834725,846.0
2012-09-28 18:00:00,667,800.2978590503529,805.0
2012-09-28 19:00:00,508,425.39285872999005,588.0
2012-09-28 20:00:00,336,282.28163310845827,369.0
2012-09-28 21:00:00,237,218.49325805346456,312.0
2012-09-28 22:00:00,220,280.0545443602464,295.0
2012-09-28 23:00:00,190,148.33701200706932,186.0
2012-09-29 00:00:00,149,135.1655978905251,172.0
2012-09-29 01:00:00,101,106.0494286109709,124.0
2012-09-29 02:00:00,92,72.50735611602494,83.0
2012-09-29 03:00:00,29,42.39741177270901,45.0
2012-09-29 04:00:00,14,20.613301161268478,15.0
2012-09-29 05:00:00,15,23.61779273208306,17.0
2012-09-29 06:00:00,37,76.7474920496302,41.0
2012-09-29 07:00:00,73,122.91929751262732,77.0
2012-09-29 08:00:00,211,277.574882611784,218.0
2012-09-29 09:00:00,332,339.8134716440372,377.0
2012-09-29 10:00:00,472,420.4454538839425,474.0
2012-09-29 11:00:00,663,576.1988191448836,626.0
2012-09-29 12:00:00,682,617.2311742132733,688.0
2012-09-29 13:00:00,686,600.2928791999325,707.0
2012-09-29 14:00:00,750,585.3105225060241,654.0
2012-09-29 15:00:00,727,652.5478481331684,750.0
2012-09-29 16:00:00,722,583.1666320851624,680.0
2012-09-29 17:00:00,712,645.6544912932452,646.0
2012-09-29 18:00:00,594,487.99947541491224,598.0
2012-09-29 19:00:00,470,396.28403996054584,407.0
2012-09-29 20:00:00,315,296.65997426033226,325.0
2012-09-29 21:00:00,292,251.17703001531035,261.0
2012-09-29 22:00:00,221,217.34085043015546,239.0
2012-09-29 23:00:00,196,178.84596422784017,171.0
2012-09-30 00:00:00,147,164.82215829966304,180.0
2012-09-30 01:00:00,116,124.63078482408056,142.0
2012-09-30 02:00:00,92,84.88877623986782,95.0
2012-09-30 03:00:00,58,56.41605431779453,54.0
2012-09-30 04:00:00,7,15.416892482940229,10.0
2012-09-30 05:00:00,10,13.158935262204931,6.0
2012-09-30 06:00:00,22,23.516612790663732,16.0
2012-09-30 07:00:00,57,74.30809137292655,57.0
2012-09-30 08:00:00,144,182.9921541905365,175.0
2012-09-30 09:00:00,285,265.93838156726827,276.0
2012-09-30 10:00:00,479,464.82322416806124,489.0
2012-09-30 11:00:00,591,561.1591586957443,570.0
2012-09-30 12:00:00,680,605.2387133075839,776.0
2012-09-30 13:00:00,594,581.3303195800574,702.0
2012-09-30 14:00:00,612,613.6346146280641,666.0
2012-09-30 15:00:00,649,657.069319681137,640.0
2012-09-30 16:00:00,648,636.9102459575308,691.0
2012-09-30 17:00:00,575,601.1132523773579,723.0
2012-09-30 18:00:00,401,504.6595461037687,540.0
2012-09-30 19:00:00,257,241.08401747611032,413.0
2012-09-30 20:00:00,194,151.0294515817135,252.0
2012-09-30 21:00:00,123,241.23379094269967,196.0
2012-09-30 22:00:00,91,151.819857774686,138.0
2012-09-30 23:00:00,57,121.05379318755699,100.0
2012-10-01 00:00:00,45,74.38808577839649,64.0
2012-10-01 01:00:00,18,31.900995628279645,18.0
2012-10-01 02:00:00,12,25.60456032789404,8.0
2012-10-01 03:00:00,7,16.42940260421979,5.0
2012-10-01 04:00:00,10,8.981066199444674,8.0
2012-10-01 05:00:00,36,37.39591146582538,37.0
2012-10-01 06:00:00,155,149.21706586547896,168.0
2012-10-01 07:00:00,483,516.6566217026497,530.0
2012-10-01 08:00:00,784,690.5250043428746,750.0
2012-10-01 09:00:00,340,309.8456318099119,328.0
2012-10-01 10:00:00,179,220.41672678924698,198.0
2012-10-01 11:00:00,272,267.02361179541873,238.0
2012-10-01 12:00:00,323,370.68910694981935,342.0
2012-10-01 13:00:00,305,305.5839878750952,328.0
2012-10-01 14:00:00,244,337.7698243339209,303.0
2012-10-01 15:00:00,329,399.75287488257027,300.0
2012-10-01 16:00:00,459,485.15098022752363,516.0
2012-10-01 17:00:00,856,565.617798168643,898.0
2012-10-01 18:00:00,613,579.3240416571326,853.0
2012-10-01 19:00:00,516,494.6565965221808,590.0
2012-10-01 20:00:00,262,280.2092299120381,432.0
2012-10-01 21:00:00,218,233.5830275363103,256.0
2012-10-01 22:00:00,207,96.83231946065067,172.0
2012-10-01 23:00:00,105,74.15780913010944,94.0
2012-10-02 00:00:00,31,60.84805907664329,64.0
2012-10-02 01:00:00,11,15.890600818716528,13.0
2012-10-02 02:00:00,2,16.269081087980755,14.0
2012-10-02 03:00:00,5,9.858889965277937,5.0
2012-10-02 04:00:00,10,13.361660603681297,9.0
2012-10-02 05:00:00,43,45.094186226662565,47.0
2012-10-02 06:00:00,179,110.99437014879946,194.0
2012-10-02 07:00:00,260,380.8038039065615,556.0
2012-10-02 08:00:00,134,520.4079920473862,805.0
2012-10-02 09:00:00,86,243.5183649708514,409.0
2012-10-02 10:00:00,45,85.81753439440212,170.0
2012-10-02 11:00:00,99,109.64461076172363,218.0
2012-10-02 12:00:00,104,229.75741148790053,302.0
2012-10-02 13:00:00,154,220.27819719531513,305.0
2012-10-02 14:00:00,163,144.0263073044753,293.0
2012-10-02 15:00:00,209,168.99431978248046,303.0
2012-10-02 16:00:00,374,226.38234652610785,495.0
2012-10-02 17:00:00,715,462.99528794285067,967.0
2012-10-02 18:00:00,687,309.9244016119576,822.0
2012-10-02 19:00:00,395,205.31175348028847,539.0
2012-10-02 20:00:00,306,187.20847395514787,425.0
2012-10-02 21:00:00,289,134.25223722421146,297.0
2012-10-02 22:00:00,240,149.75145178802063,188.0
2012-10-02 23:00:00,98,94.52483552676276,98.0
2012-10-03 00:00:00,52,33.18921660003253,40.0
2012-10-03 01:00:00,19,23.821555583061976,29.0
2012-10-03 02:00:00,9,12.80009506852013,17.0
2012-10-03 03:00:00,7,8.875632476628896,10.0
2012-10-03 04:00:00,11,12.461255737954883,14.0
2012-10-03 05:00:00,34,36.420139582762665,36.0
2012-10-03 06:00:00,177,157.18994619254562,182.0
2012-10-03 07:00:00,515,386.0404071490729,532.0
2012-10-03 08:00:00,809,574.4040333900705,838.0
2012-10-03 09:00:00,362,285.87669951883,334.0
2012-10-03 10:00:00,175,158.90862965295696,185.0
2012-10-03 11:00:00,230,217.1750162198473,227.0
2012-10-03 12:00:00,358,295.41827411323254,316.0
2012-10-03 13:00:00,279,298.62492681557734,340.0
2012-10-03 14:00:00,251,257.2043842729459,277.0
2012-10-03 15:00:00,319,300.3831149175933,300.0
2012-10-03 16:00:00,478,405.33203452064527,468.0
2012-10-03 17:00:00,917,724.8086296175783,953.0
2012-10-03 18:00:00,810,710.8616393402501,884.0
2012-10-03 19:00:00,593,562.0493260926658,627.0
2012-10-03 20:00:00,497,398.8794620959356,434.0
2012-10-03 21:00:00,209,340.2253397187467,360.0
2012-10-03 22:00:00,241,239.30410755807387,215.0
2012-10-03 23:00:00,220,120.75182943365868,115.0
2012-10-04 00:00:00,76,58.22877373096333,65.0
2012-10-04 01:00:00,25,17.383840853082802,21.0
2012-10-04 02:00:00,13,19.60265879011493,16.0
2012-10-04 03:00:00,11,10.35200385551357,7.0
2012-10-04 04:00:00,10,14.741132233350864,8.0
2012-10-04 05:00:00,39,58.22877373096333,66.0
2012-10-04 06:00:00,133,86.86486507486305,169.0
2012-10-04 07:00:00,391,459.4514698363357,558.0
2012-10-04 08:00:00,738,746.2929587402874,794.0
2012-10-04 09:00:00,359,335.48290897026925,335.0
2012-10-04 10:00:00,177,183.1766028743409,208.0
2012-10-04 11:00:00,214,295.0826981667983,294.0
2012-10-04 12:00:00,288,346.1677231612246,335.0
2012-10-04 13:00:00,294,307.157354034035,326.0
2012-10-04 14:00:00,267,268.5997837732622,258.0
2012-10-04 15:00:00,325,327.36621004330794,296.0
2012-10-04 16:00:00,497,451.56190400468796,472.0
2012-10-04 17:00:00,901,855.9969721272573,905.0
2012-10-04 18:00:00,887,817.9504486056563,899.0
2012-10-04 19:00:00,534,562.8879900391395,559.0
2012-10-04 20:00:00,441,461.9606724663862,457.0
2012-10-04 21:00:00,321,243.87841220540201,253.0
2012-10-04 22:00:00,232,209.41070462650566,47.0
2012-10-04 23:00:00,155,181.34565868904158,45.0
2012-10-05 00:00:00,102,24.77748759409022,17.0
2012-10-05 01:00:00,46,19.08940641073634,13.0
2012-10-05 02:00:00,11,12.66047752216673,10.0
2012-10-05 03:00:00,16,10.469203891667215,7.0
2012-10-05 04:00:00,11,14.409328135962777,12.0
2012-10-05 05:00:00,41,41.46639772576212,38.0
2012-10-05 06:00:00,137,137.5004697596857,138.0
2012-10-05 07:00:00,428,394.369511783409,394.0
2012-10-05 08:00:00,785,695.3729904544846,705.0
2012-10-05 09:00:00,384,387.1914201240951,426.0
2012-10-05 10:00:00,260,247.91767992015272,245.0
2012-10-05 11:00:00,304,350.6471087464883,361.0
2012-10-05 12:00:00,468,365.77009540001427,380.0
2012-10-05 13:00:00,424,384.05774863192016,410.0
2012-10-05 14:00:00,400,374.13280168131706,399.0
2012-10-05 15:00:00,470,367.7590050092864,392.0
2012-10-05 16:00:00,634,502.2310387455376,502.0
2012-10-05 17:00:00,900,815.5814460043321,808.0
2012-10-05 18:00:00,761,766.5394103020539,667.0
2012-10-05 19:00:00,500,483.6368666124902,508.0
2012-10-05 20:00:00,372,358.5034294690051,336.0
2012-10-05 21:00:00,267,269.2000737974106,237.0
2012-10-05 22:00:00,264,221.74784570596836,220.0
2012-10-05 23:00:00,171,167.4491049834502,190.0
2012-10-06 00:00:00,191,142.70480950695142,149.0
2012-10-06 01:00:00,141,79.68312372360678,101.0
2012-10-06 02:00:00,75,71.58858933282507,92.0
2012-10-06 03:00:00,56,30.422751958658736,29.0
2012-10-06 04:00:00,11,17.89794739376252,14.0
2012-10-06 05:00:00,10,23.181896533906134,15.0
2012-10-06 06:00:00,30,66.2548767356319,37.0
2012-10-06 07:00:00,84,106.39191639367854,73.0
2012-10-06 08:00:00,206,286.62695019325855,211.0
2012-10-06 09:00:00,395,314.3426691384915,332.0
2012-10-06 10:00:00,539,442.6770894080157,472.0
2012-10-06 11:00:00,647,583.4946387248573,663.0
2012-10-06 12:00:00,743,600.8656517677753,682.0
2012-10-06 13:00:00,710,550.0577276393967,686.0
2012-10-06 14:00:00,576,620.5830124255493,750.0
2012-10-06 15:00:00,620,601.7319924199599,727.0
2012-10-06 16:00:00,659,550.2373319986159,722.0
2012-10-06 17:00:00,610,607.5111635013574,712.0
2012-10-06 18:00:00,495,534.2395736303699,594.0
2012-10-06 19:00:00,341,388.1807978058983,470.0
2012-10-06 20:00:00,247,304.27165834270136,315.0
2012-10-06 21:00:00,215,267.702143996707,292.0
2012-10-06 22:00:00,185,230.62746801883065,221.0
2012-10-06 23:00:00,179,174.97875762905534,196.0
2012-10-07 00:00:00,127,160.56944518639375,147.0
2012-10-07 01:00:00,109,134.3222493544438,116.0
2012-10-07 02:00:00,74,78.27952167283318,92.0
2012-10-07 03:00:00,22,58.080207609502494,58.0
2012-10-07 04:00:00,11,12.212915098087926,7.0
2012-10-07 05:00:00,10,15.402753403418581,10.0
2012-10-07 06:00:00,23,26.010499031356666,22.0
2012-10-07 07:00:00,35,42.75316229004002,57.0
2012-10-07 08:00:00,62,66.80672600057166,144.0
2012-10-07 09:00:00,86,165.69175212362666,285.0
2012-10-07 10:00:00,185,441.46583429957985,479.0
2012-10-07 11:00:00,336,479.94351790194895,591.0
2012-10-07 12:00:00,392,500.9672221274032,680.0
2012-10-07 13:00:00,320,535.0944255622264,594.0
2012-10-07 14:00:00,314,506.481073458724,612.0
2012-10-07 15:00:00,306,246.43767615876848,649.0
2012-10-07 16:00:00,333,195.66609280666884,648.0
2012-10-07 17:00:00,157,179.47919463658152,575.0
2012-10-07 18:00:00,106,135.94979520468735,401.0
2012-10-07 19:00:00,114,205.03079049829702,257.0
2012-10-07 20:00:00,116,174.13303510764598,194.0
2012-10-07 21:00:00,113,137.23958396656528,123.0
2012-10-07 22:00:00,79,90.3793035888906,91.0
2012-10-07 23:00:00,80,65.81373160968411,57.0
2012-10-08 00:00:00,51,84.39336899425544,45.0
2012-10-08 01:00:00,37,45.68807601280433,18.0
2012-10-08 02:00:00,15,20.290674248845296,12.0
2012-10-08 03:00:00,10,13.271836730775105,7.0
2012-10-08 04:00:00,7,9.653992617378517,10.0
2012-10-08 05:00:00,19,34.733693470684244,36.0
2012-10-08 06:00:00,59,107.89960947255543,155.0
2012-10-08 07:00:00,154,225.56704494710124,483.0
2012-10-08 08:00:00,397,350.03607283032255,784.0
2012-10-08 09:00:00,332,195.66071881065426,340.0
2012-10-08 10:00:00,298,175.72756551791946,179.0
2012-10-08 11:00:00,308,249.66906917114846,272.0
2012-10-08 12:00:00,341,322.06438555849246,323.0
2012-10-08 13:00:00,405,267.938050055198,305.0
2012-10-08 14:00:00,420,250.66509201478615,244.0
2012-10-08 15:00:00,370,174.47034213882668,329.0
2012-10-08 16:00:00,377,212.1218148660773,459.0
2012-10-08 17:00:00,497,430.6561209497126,856.0
2012-10-08 18:00:00,456,375.49019310992736,613.0
2012-10-08 19:00:00,371,336.6482874926317,516.0
2012-10-08 20:00:00,227,106.69334250696859,262.0
2012-10-08 21:00:00,151,161.30182373732802,218.0
2012-10-08 22:00:00,107,82.84118316332751,207.0
2012-10-08 23:00:00,69,72.80782788045751,105.0
2012-10-09 00:00:00,31,31.533200406183667,31.0
2012-10-09 01:00:00,13,5.890873361042876,11.0
2012-10-09 02:00:00,7,1.721041613667986,2.0
2012-10-09 03:00:00,3,0.44891928332116643,5.0
2012-10-09 04:00:00,7,3.424942467589767,10.0
2012-10-09 05:00:00,19,39.65995994087628,43.0
2012-10-09 06:00:00,143,133.78186105752349,179.0
2012-10-09 07:00:00,362,250.00773705929942,260.0
2012-10-09 08:00:00,713,309.54198471340834,134.0
2012-10-09 09:00:00,382,232.1528278868182,86.0
2012-10-09 10:00:00,164,168.67484208729414,45.0
2012-10-09 11:00:00,193,179.80718065646354,99.0
2012-10-09 12:00:00,260,197.127689328761,104.0
2012-10-09 13:00:00,238,273.72957031281976,154.0
2012-10-09 14:00:00,244,255.06002596658053,163.0
2012-10-09 15:00:00,254,251.85794331954568,209.0
2012-10-09 16:00:00,424,326.4104628933538,374.0
2012-10-09 17:00:00,806,583.5021027458944,715.0
2012-10-09 18:00:00,784,559.1939682820621,687.0
2012-10-09 19:00:00,514,341.35696823540866,395.0
2012-10-09 20:00:00,360,274.55292128440277,306.0
2012-10-09 21:00:00,225,249.75061573082846,289.0
2012-10-09 22:00:00,162,196.55445927790936,240.0
2012-10-09 23:00:00,84,92.11598479104345,98.0
2012-10-10 00:00:00,33,46.27131251188459,52.0
2012-10-10 01:00:00,8,15.822586026792115,19.0
2012-10-10 02:00:00,8,10.221762740005122,9.0
2012-10-10 03:00:00,6,8.316650897198954,7.0
2012-10-10 04:00:00,6,12.135783490224323,11.0
2012-10-10 05:00:00,40,36.2947305715348,34.0
2012-10-10 06:00:00,175,151.15422388527358,177.0
2012-10-10 07:00:00,507,475.16355171178054,515.0
2012-10-10 08:00:00,839,714.4078477297209,809.0
2012-10-10 09:00:00,366,368.7576276949264,362.0
2012-10-10 10:00:00,217,193.98504063988412,175.0
2012-10-10 11:00:00,291,219.88376142947885,230.0
2012-10-10 12:00:00,390,316.4635662183775,358.0
2012-10-10 13:00:00,297,258.0753429401212,279.0
2012-10-10 14:00:00,271,256.70274331481573,251.0
2012-10-10 15:00:00,319,283.205030646519,319.0
2012-10-10 16:00:00,566,437.24331622796893,478.0
2012-10-10 17:00:00,948,815.5401970922234,917.0
2012-10-10 18:00:00,844,712.4254994181775,810.0
2012-10-10 19:00:00,566,494.0659620112448,593.0
2012-10-10 20:00:00,392,438.60320105066404,497.0
2012-10-10 21:00:00,269,232.08257136011716,209.0
2012-10-10 22:00:00,197,215.47570446817744,241.0
2012-10-10 23:00:00,136,174.33853132080873,220.0
2012-10-11 00:00:00,42,69.7953237634792,76.0
2012-10-11 01:00:00,11,25.910302459815895,25.0
2012-10-11 02:00:00,11,15.09897111138715,13.0
2012-10-11 03:00:00,3,14.881993086747334,11.0
2012-10-11 04:00:00,10,12.79687714394675,10.0
2012-10-11 05:00:00,42,43.27969832155514,39.0
2012-10-11 06:00:00,159,161.27410053433374,133.0
2012-10-11 07:00:00,478,443.9386053658153,391.0
2012-10-11 08:00:00,798,781.3585033693874,738.0
2012-10-11 09:00:00,355,343.71215649342304,359.0
2012-10-11 10:00:00,204,212.67164654126802,177.0
2012-10-11 11:00:00,251,262.2911990924963,214.0
2012-10-11 12:00:00,326,340.98801808348753,288.0
2012-10-11 13:00:00,291,301.0632936200161,294.0
2012-10-11 14:00:00,348,278.9057879935537,267.0
2012-10-11 15:00:00,460,299.89681323513196,325.0
2012-10-11 16:00:00,481,485.94315924100874,497.0
2012-10-11 17:00:00,827,789.0468582628972,901.0
2012-10-11 18:00:00,692,778.9995022177991,887.0
2012-10-11 19:00:00,743,498.6000838115747,534.0
2012-10-11 20:00:00,415,377.3353391149497,441.0
2012-10-11 21:00:00,260,270.0747613190523,321.0
2012-10-11 22:00:00,177,207.3534311439727,232.0
2012-10-11 23:00:00,186,144.66400478648964,155.0
2012-10-12 00:00:00,68,76.77606532730266,102.0
2012-10-12 01:00:00,37,39.4662068212064,46.0
2012-10-12 02:00:00,16,13.117332445996622,11.0
2012-10-12 03:00:00,6,13.75150974040221,16.0
2012-10-12 04:00:00,8,12.791999544444355,11.0
2012-10-12 05:00:00,35,43.03835176187125,41.0
2012-10-12 06:00:00,143,139.60587958255397,137.0
2012-10-12 07:00:00,392,422.3771719087175,428.0
2012-10-12 08:00:00,745,695.3448304562327,785.0
2012-10-12 09:00:00,400,367.98428851801754,384.0
2012-10-12 10:00:00,275,255.15838871284555,260.0
2012-10-12 11:00:00,313,302.71709777766984,304.0
2012-10-12 12:00:00,387,365.5752332210854,468.0
2012-10-12 13:00:00,381,374.5182307198929,424.0
2012-10-12 14:00:00,371,351.13787509105566,400.0
2012-10-12 15:00:00,455,396.56595345218113,470.0
2012-10-12 16:00:00,520,546.2203417305674,634.0
2012-10-12 17:00:00,837,760.1501913122178,900.0
2012-10-12 18:00:00,642,659.5004224043607,761.0
2012-10-12 19:00:00,493,561.2071504049408,500.0
2012-10-12 20:00:00,308,358.17576719814275,372.0
2012-10-12 21:00:00,190,256.70404823980107,267.0
2012-10-12 22:00:00,160,211.43614555401288,264.0
2012-10-12 23:00:00,100,162.80944823947056,171.0
2012-10-13 00:00:00,249,137.89703599745556,191.0
2012-10-13 01:00:00,146,105.95769470154174,141.0
2012-10-13 02:00:00,67,62.71235565478574,75.0
2012-10-13 03:00:00,15,45.84294693819123,56.0
2012-10-13 04:00:00,11,10.962313315750274,11.0
2012-10-13 05:00:00,11,11.530919238070695,10.0
2012-10-13 06:00:00,28,73.41533772271318,30.0
2012-10-13 07:00:00,70,109.02388184613493,84.0
2012-10-13 08:00:00,174,292.3111938275294,206.0
2012-10-13 09:00:00,266,321.36517689538886,395.0
2012-10-13 10:00:00,347,415.3490014876567,539.0
2012-10-13 11:00:00,527,487.85291601356084,647.0
2012-10-13 12:00:00,573,567.3185827087299,743.0
2012-10-13 13:00:00,670,561.2813880408496,710.0
2012-10-13 14:00:00,597,510.6975538644722,576.0
2012-10-13 15:00:00,615,543.8355943169014,620.0
2012-10-13 16:00:00,637,530.821813343912,659.0
2012-10-13 17:00:00,528,581.6175878160337,610.0
2012-10-13 18:00:00,473,444.248175407009,495.0
2012-10-13 19:00:00,332,354.8559731065951,341.0
2012-10-13 20:00:00,255,258.65861476532467,247.0
2012-10-13 21:00:00,204,188.43794813933033,215.0
2012-10-13 22:00:00,189,159.23592471955462,185.0
2012-10-13 23:00:00,125,133.85548909673818,179.0
2012-10-14 00:00:00,111,170.38230847607198,127.0
2012-10-14 01:00:00,112,114.50411179060993,109.0
2012-10-14 02:00:00,66,68.45786760326864,74.0
2012-10-14 03:00:00,28,21.920948481700176,22.0
2012-10-14 04:00:00,12,13.97137774310517,11.0
2012-10-14 05:00:00,11,11.508747768441,10.0
2012-10-14 06:00:00,24,25.438855815507903,23.0
2012-10-14 07:00:00,51,52.847850771528336,35.0
2012-10-14 08:00:00,132,114.37158889284076,62.0
2012-10-14 09:00:00,223,159.0024965205417,86.0
2012-10-14 10:00:00,428,265.4003343063525,185.0
2012-10-14 11:00:00,494,421.03786431091214,336.0
2012-10-14 12:00:00,562,452.43891645193884,392.0
2012-10-14 13:00:00,619,474.9570465251186,320.0
2012-10-14 14:00:00,617,462.3970137445395,314.0
2012-10-14 15:00:00,568,462.3970137445395,306.0
2012-10-14 16:00:00,581,458.87284575992334,333.0
2012-10-14 17:00:00,539,437.79133271555133,157.0
2012-10-14 18:00:00,453,400.7370710355201,106.0
2012-10-14 19:00:00,336,282.5508884958727,114.0
2012-10-14 20:00:00,246,209.13360570538075,116.0
2012-10-14 21:00:00,196,164.45908045913802,113.0
2012-10-14 22:00:00,125,126.88909056011985,79.0
2012-10-14 23:00:00,105,96.41799399856173,80.0
2012-10-15 00:00:00,48,46.76242000721412,51.0
2012-10-15 01:00:00,29,41.65438596503914,37.0
2012-10-15 02:00:00,6,21.938544471567905,15.0
2012-10-15 03:00:00,4,18.004494281658985,10.0
2012-10-15 04:00:00,10,11.626849529516546,7.0
2012-10-15 05:00:00,40,17.181784173339587,19.0
2012-10-15 06:00:00,147,81.2447015970646,59.0
2012-10-15 07:00:00,476,204.93993816223553,154.0
2012-10-15 08:00:00,737,394.53616284942393,397.0
2012-10-15 09:00:00,359,223.24001588215128,332.0
2012-10-15 10:00:00,168,301.5735542791112,298.0
2012-10-15 11:00:00,263,315.00136086594006,308.0
2012-10-15 12:00:00,284,171.32022304052344,341.0
2012-10-15 13:00:00,146,273.494336439055,405.0
2012-10-15 14:00:00,185,326.7474151409819,420.0
2012-10-15 15:00:00,260,328.1403157158117,370.0
2012-10-15 16:00:00,447,384.14695130736584,377.0
2012-10-15 17:00:00,766,580.1394983445507,497.0
2012-10-15 18:00:00,592,361.53659271481365,456.0
2012-10-15 19:00:00,239,214.97061290534364,371.0
2012-10-15 20:00:00,256,239.21810921366375,227.0
2012-10-15 21:00:00,206,190.19481995314266,151.0
2012-10-15 22:00:00,126,130.62341380975383,107.0
2012-10-15 23:00:00,81,96.27851881749223,69.0
2012-10-16 00:00:00,48,35.670890822530424,31.0
2012-10-16 01:00:00,13,19.556641264364096,13.0
2012-10-16 02:00:00,3,9.37130378946294,7.0
2012-10-16 03:00:00,2,9.161721779004809,3.0
2012-10-16 04:00:00,7,10.696594665643191,7.0
2012-10-16 05:00:00,52,22.057266690406106,19.0
2012-10-16 06:00:00,172,149.00433545072607,143.0
2012-10-16 07:00:00,525,423.76976315084136,362.0
2012-10-16 08:00:00,835,735.592416999995,713.0
2012-10-16 09:00:00,355,358.91469171765675,382.0
2012-10-16 10:00:00,222,193.72052340821492,164.0
2012-10-16 11:00:00,228,243.94898582890383,193.0
2012-10-16 12:00:00,325,263.8641060164886,260.0
2012-10-16 13:00:00,328,224.2264074386491,238.0
2012-10-16 14:00:00,308,232.50449450877497,244.0
2012-10-16 15:00:00,346,275.8246758000885,254.0
2012-10-16 16:00:00,446,426.41133177418754,424.0
2012-10-16 17:00:00,943,742.9153149785398,806.0
2012-10-16 18:00:00,838,683.1297670579053,784.0
2012-10-16 19:00:00,531,448.32753840336363,514.0
2012-10-16 20:00:00,432,315.1943641878225,360.0
2012-10-16 21:00:00,195,219.66225909847086,225.0
2012-10-16 22:00:00,181,146.55240313744335,162.0
2012-10-16 23:00:00,199,80.2677062142221,84.0
2012-10-17 00:00:00,49,40.94400548409546,33.0
2012-10-17 01:00:00,17,10.155607450156923,8.0
2012-10-17 02:00:00,16,8.62073456351854,8.0
2012-10-17 03:00:00,7,8.114117055625146,6.0
2012-10-17 04:00:00,4,8.711149372348771,6.0
2012-10-17 05:00:00,41,39.39502616513034,40.0
2012-10-17 06:00:00,178,167.40739569792473,175.0
2012-10-17 07:00:00,464,527.9842731272635,507.0
2012-10-17 08:00:00,817,751.7890467927018,839.0
2012-10-17 09:00:00,382,364.0864804468019,366.0
2012-10-17 10:00:00,228,218.9571148862448,217.0
2012-10-17 11:00:00,234,266.6295926541005,291.0
2012-10-17 12:00:00,332,304.62923560876345,390.0
2012-10-17 13:00:00,310,291.50540197540016,297.0
2012-10-17 14:00:00,270,255.40606759597108,271.0
2012-10-17 15:00:00,301,277.1536348367656,319.0
2012-10-17 16:00:00,466,494.4705207774835,566.0
2012-10-17 17:00:00,888,774.3034812029803,948.0
2012-10-17 18:00:00,884,768.2973619880187,844.0
2012-10-17 19:00:00,516,508.692526184337,566.0
2012-10-17 20:00:00,414,369.8449171027349,392.0
2012-10-17 21:00:00,329,202.70236527910222,269.0
2012-10-17 22:00:00,215,153.42002511099602,197.0
2012-10-17 23:00:00,99,132.51398170457875,136.0
2012-10-18 00:00:00,57,43.53085103508702,42.0
2012-10-18 01:00:00,14,15.181306694121915,11.0
2012-10-18 02:00:00,14,15.055831286094914,11.0
2012-10-18 03:00:00,5,8.140435948962006,3.0
2012-10-18 04:00:00,5,9.989256146794705,10.0
2012-10-18 05:00:00,42,44.97732022665405,42.0
2012-10-18 06:00:00,153,160.9285360999813,159.0
2012-10-18 07:00:00,508,409.49217492080857,478.0
2012-10-18 08:00:00,834,766.1476709286208,798.0
2012-10-18 09:00:00,387,352.3882523553872,355.0
2012-10-18 10:00:00,218,210.6467306184044,204.0
2012-10-18 11:00:00,268,236.36659545174695,251.0
2012-10-18 12:00:00,377,300.2781309677733,326.0
2012-10-18 13:00:00,332,304.39842985686204,291.0
2012-10-18 14:00:00,285,310.35947668920073,348.0
2012-10-18 15:00:00,353,330.2217762026501,460.0
2012-10-18 16:00:00,450,446.40623408810734,481.0
2012-10-18 17:00:00,890,748.7687225274858,827.0
2012-10-18 18:00:00,788,742.8199346635926,692.0
2012-10-18 19:00:00,513,604.0606720655652,743.0
2012-10-18 20:00:00,387,374.9330056756591,415.0
2012-10-18 21:00:00,283,252.42410996450448,260.0
2012-10-18 22:00:00,229,173.77876552739244,177.0
2012-10-18 23:00:00,117,141.32507380209623,186.0
2012-10-19 00:00:00,56,63.211180641524415,68.0
2012-10-19 01:00:00,16,32.338552236630925,37.0
2012-10-19 02:00:00,10,16.337679754028162,16.0
2012-10-19 03:00:00,5,9.052058697931383,6.0
2012-10-19 04:00:00,6,9.052058697931383,8.0
2012-10-19 05:00:00,36,38.63290778662024,35.0
2012-10-19 06:00:00,131,69.84567365149533,143.0
2012-10-19 07:00:00,154,235.7481267149363,392.0
2012-10-19 08:00:00,467,697.0063247329801,745.0
2012-10-19 09:00:00,389,352.97789733025013,400.0
2012-10-19 10:00:00,224,206.10676799558206,275.0
2012-10-19 11:00:00,252,267.2745591006686,313.0
2012-10-19 12:00:00,332,384.2693288973578,387.0
2012-10-19 13:00:00,375,345.73010704809616,381.0
2012-10-19 14:00:00,365,366.43210679525043,371.0
2012-10-19 15:00:00,395,400.0876814559757,455.0
2012-10-19 16:00:00,565,347.96247135243385,520.0
2012-10-19 17:00:00,425,585.2105568447972,837.0
2012-10-19 18:00:00,233,554.5513966743833,642.0
2012-10-19 19:00:00,232,366.8643423191939,493.0
2012-10-19 20:00:00,229,341.4760415658172,308.0
2012-10-19 21:00:00,206,228.22908317078617,190.0
2012-10-19 22:00:00,190,199.91949357214165,160.0
2012-10-19 23:00:00,131,104.95031617077284,100.0
2012-10-20 00:00:00,123,195.77989245109777,249.0
2012-10-20 01:00:00,95,115.6961216536571,146.0
2012-10-20 02:00:00,78,60.84768958239208,67.0
2012-10-20 03:00:00,29,14.149036127500578,15.0
2012-10-20 04:00:00,18,12.397832113238765,11.0
2012-10-20 05:00:00,13,16.65907690371934,11.0
2012-10-20 06:00:00,31,61.024897678548214,28.0
2012-10-20 07:00:00,65,69.62131723360862,70.0
2012-10-20 08:00:00,193,173.4319947776868,174.0
2012-10-20 09:00:00,363,297.48404423223997,266.0
2012-10-20 10:00:00,423,350.785789196876,347.0
2012-10-20 11:00:00,612,523.4282760736083,527.0
2012-10-20 12:00:00,703,540.6490824082554,573.0
2012-10-20 13:00:00,714,596.4094372806264,670.0
2012-10-20 14:00:00,711,554.3301366928972,597.0
2012-10-20 15:00:00,711,564.1015109400503,615.0
2012-10-20 16:00:00,691,558.4713150497134,637.0
2012-10-20 17:00:00,731,454.0155717819428,528.0
2012-10-20 18:00:00,521,381.32657058905164,473.0
2012-10-20 19:00:00,345,295.0640378340692,332.0
2012-10-20 20:00:00,259,258.1778474337357,255.0
2012-10-20 21:00:00,296,203.9018614199997,204.0
2012-10-20 22:00:00,202,181.20023191953612,189.0
2012-10-20 23:00:00,163,125.0902259605947,125.0
2012-10-21 00:00:00,154,117.92117768557816,111.0
2012-10-21 01:00:00,117,110.89360404146713,112.0
2012-10-21 02:00:00,132,65.98539905366998,66.0
2012-10-21 03:00:00,41,28.787551861042342,28.0
2012-10-21 04:00:00,21,14.219707683090856,12.0
2012-10-21 05:00:00,10,13.634783340266146,11.0
2012-10-21 06:00:00,26,28.6405545578619,24.0
2012-10-21 07:00:00,56,49.87567639661485,51.0
2012-10-21 08:00:00,143,140.55621210122783,132.0
2012-10-21 09:00:00,269,282.7692665635376,223.0
2012-10-21 10:00:00,443,409.73980005596627,428.0
2012-10-21 11:00:00,547,531.2511558489447,494.0
2012-10-21 12:00:00,675,579.4620524499569,562.0
2012-10-21 13:00:00,626,607.4849868602216,619.0
2012-10-21 14:00:00,640,630.2655641545086,617.0
2012-10-21 15:00:00,623,602.6412878193335,568.0
2012-10-21 16:00:00,591,577.3964864214571,581.0
2012-10-21 17:00:00,491,541.7829416680753,539.0
2012-10-21 18:00:00,413,451.8831086846161,453.0
2012-10-21 19:00:00,266,314.50440621104264,336.0
2012-10-21 20:00:00,195,269.03942290318855,246.0
2012-10-21 21:00:00,166,234.98621702206086,196.0
2012-10-21 22:00:00,113,141.26465591471003,125.0
2012-10-21 23:00:00,66,120.17177956031753,105.0
2012-10-22 00:00:00,31,75.56557669570066,48.0
2012-10-22 01:00:00,11,37.46370446223241,29.0
2012-10-22 02:00:00,5,51.61471208151986,6.0
2012-10-22 03:00:00,6,15.161018626482768,4.0
2012-10-22 04:00:00,7,17.298029743820376,10.0
2012-10-22 05:00:00,46,36.794489018041766,40.0
2012-10-22 06:00:00,144,134.89264876404485,147.0
2012-10-22 07:00:00,452,417.6260897026081,476.0
2012-10-22 08:00:00,728,699.9236441991513,737.0
2012-10-22 09:00:00,360,334.2865298173404,359.0
2012-10-22 10:00:00,212,207.15997931426915,168.0
2012-10-22 11:00:00,211,279.01998546926063,263.0
2012-10-22 12:00:00,283,371.84720266400814,284.0
2012-10-22 13:00:00,315,263.1031521655893,146.0
2012-10-22 14:00:00,282,288.23157596883,185.0
2012-10-22 15:00:00,296,314.657983798456,260.0
2012-10-22 16:00:00,524,443.6345331940078,447.0
2012-10-22 17:00:00,922,792.1249833201937,766.0
2012-10-22 18:00:00,786,574.2334325838303,592.0
2012-10-22 19:00:00,514,345.21894928943516,239.0
2012-10-22 20:00:00,403,255.30597302674775,256.0
2012-10-22 21:00:00,174,200.96050047547865,206.0
2012-10-22 22:00:00,183,125.0517614887255,126.0
2012-10-22 23:00:00,163,83.1157841641135,81.0
2012-10-23 00:00:00,37,43.53085103508702,48.0
2012-10-23 01:00:00,17,14.451875178716435,13.0
2012-10-23 02:00:00,7,8.59361589317918,3.0
2012-10-23 03:00:00,1,9.100233401072574,2.0
2012-10-23 04:00:00,7,9.23310482328126,7.0
2012-10-23 05:00:00,50,49.141285614389744,52.0
2012-10-23 06:00:00,158,155.86955887739535,172.0
2012-10-23 07:00:00,531,513.4029770481782,525.0
2012-10-23 08:00:00,761,717.7990815186124,835.0
2012-10-23 09:00:00,334,365.17118300678555,355.0
2012-10-23 10:00:00,221,231.02080827607307,222.0
2012-10-23 11:00:00,253,234.60585107842883,228.0
2012-10-23 12:00:00,378,295.45897163573966,325.0
2012-10-23 13:00:00,303,318.00962889565756,328.0
2012-10-23 14:00:00,296,319.7178406275413,308.0
2012-10-23 15:00:00,346,326.8077058638767,346.0
2012-10-23 16:00:00,541,489.05900810708715,446.0
2012-10-23 17:00:00,938,854.7798751404692,943.0
2012-10-23 18:00:00,826,774.8397770760228,838.0
2012-10-23 19:00:00,482,511.4259336014937,531.0
2012-10-23 20:00:00,379,421.6050537308153,432.0
2012-10-23 21:00:00,295,201.95007006750612,195.0
2012-10-23 22:00:00,194,187.18380034993862,181.0
2012-10-23 23:00:00,111,175.56614329840014,199.0
2012-10-24 00:00:00,46,46.68061346411194,49.0
2012-10-24 01:00:00,27,19.002038627939907,17.0
2012-10-24 02:00:00,6,16.953624442753267,16.0
2012-10-24 03:00:00,4,9.493244289953996,7.0
2012-10-24 04:00:00,6,9.835697722620813,4.0
2012-10-24 05:00:00,53,45.24485570750847,41.0
2012-10-24 06:00:00,173,161.2100226450802,178.0
2012-10-24 07:00:00,526,481.149919074629,464.0
2012-10-24 08:00:00,801,700.8101701313153,817.0
2012-10-24 09:00:00,373,339.64245264120524,382.0
2012-10-24 10:00:00,171,216.30488638143785,228.0
2012-10-24 11:00:00,236,253.44683294643943,234.0
2012-10-24 12:00:00,316,329.28722374184224,332.0
2012-10-24 13:00:00,306,328.2033169249768,310.0
2012-10-24 14:00:00,301,297.9948665829875,270.0
2012-10-24 15:00:00,308,326.3620446500975,301.0
2012-10-24 16:00:00,532,499.67058223200166,466.0
2012-10-24 17:00:00,963,843.5175109329565,888.0
2012-10-24 18:00:00,858,844.5294639486846,884.0
2012-10-24 19:00:00,572,509.8817882920179,516.0
2012-10-24 20:00:00,441,391.59247385416023,414.0
2012-10-24 21:00:00,313,302.9458093298788,329.0
2012-10-24 22:00:00,238,216.24910719376754,215.0
2012-10-24 23:00:00,123,104.38003632387233,99.0
2012-10-25 00:00:00,76,55.89065877500322,57.0
2012-10-25 01:00:00,28,22.059327979617116,14.0
2012-10-25 02:00:00,18,15.351262927969529,14.0
2012-10-25 03:00:00,8,9.633570791731572,5.0
2012-10-25 04:00:00,5,9.633570791731572,5.0
2012-10-25 05:00:00,55,43.55083023449109,42.0
2012-10-25 06:00:00,171,149.70707861060956,153.0
2012-10-25 07:00:00,495,461.4694300623231,508.0
2012-10-25 08:00:00,779,703.6493949827692,834.0
2012-10-25 09:00:00,343,350.830907743712,387.0
2012-10-25 10:00:00,225,180.63617970894174,218.0
2012-10-25 11:00:00,238,199.16082474599608,268.0
2012-10-25 12:00:00,319,281.04965815295327,377.0
2012-10-25 13:00:00,313,261.593667087076,332.0
2012-10-25 14:00:00,285,289.9452530819062,285.0
2012-10-25 15:00:00,305,312.4004437376936,353.0
2012-10-25 16:00:00,499,456.2827063497388,450.0
2012-10-25 17:00:00,886,770.9034263689564,890.0
2012-10-25 18:00:00,809,673.611438859338,788.0
2012-10-25 19:00:00,542,472.67574310614117,513.0
2012-10-25 20:00:00,347,324.26999358147,387.0
2012-10-25 21:00:00,271,204.2272939823069,283.0
2012-10-25 22:00:00,207,197.01592166744538,229.0
2012-10-25 23:00:00,135,115.28421832990915,117.0
2012-10-26 00:00:00,71,55.06009976449071,56.0
2012-10-26 01:00:00,36,19.133892232213096,16.0
2012-10-26 02:00:00,19,12.509934277981708,10.0
2012-10-26 03:00:00,13,8.763953615426209,5.0
2012-10-26 04:00:00,5,8.421500182759392,6.0
2012-10-26 05:00:00,50,38.75004204574069,36.0
2012-10-26 06:00:00,144,139.7478563586829,131.0
2012-10-26 07:00:00,421,307.3020422851823,154.0
2012-10-26 08:00:00,734,595.7562941435843,467.0
2012-10-26 09:00:00,403,319.86189055241186,389.0
2012-10-26 10:00:00,197,193.3858721813337,224.0
2012-10-26 11:00:00,290,240.57505617851177,252.0
2012-10-26 12:00:00,392,292.61551232612715,332.0
2012-10-26 13:00:00,337,319.2729270533515,375.0
2012-10-26 14:00:00,351,341.1226723523735,365.0
2012-10-26 15:00:00,448,350.94900916955487,395.0
2012-10-26 16:00:00,582,469.3514130408381,565.0
2012-10-26 17:00:00,817,627.231507546319,425.0
2012-10-26 18:00:00,665,573.2868456903011,233.0
2012-10-26 19:00:00,471,321.8290112842974,232.0
2012-10-26 20:00:00,311,221.85310085404612,229.0
2012-10-26 21:00:00,292,223.540220470498,206.0
2012-10-26 22:00:00,217,165.13934058975383,190.0
2012-10-26 23:00:00,178,131.03493821201366,131.0
2012-10-27 00:00:00,142,107.01309492714971,123.0
2012-10-27 01:00:00,146,71.81903153466014,95.0
2012-10-27 02:00:00,90,63.01644763174695,78.0
2012-10-27 03:00:00,26,27.18885652438388,29.0
2012-10-27 04:00:00,13,15.424520659344857,18.0
2012-10-27 05:00:00,9,18.869105813497487,13.0
2012-10-27 06:00:00,31,68.54436724813397,31.0
2012-10-27 07:00:00,86,103.31435501939505,65.0
2012-10-27 08:00:00,213,244.5615200322209,193.0
2012-10-27 09:00:00,328,335.00427046756073,363.0
2012-10-27 10:00:00,479,391.0180037183879,423.0
2012-10-27 11:00:00,585,550.6807846052785,612.0
2012-10-27 12:00:00,668,595.0893271834655,703.0
2012-10-27 13:00:00,760,611.6615883960366,714.0
2012-10-27 14:00:00,750,608.276752738642,711.0
2012-10-27 15:00:00,711,529.1016993204597,711.0
2012-10-27 16:00:00,612,510.8120446152926,691.0
2012-10-27 17:00:00,618,570.891133997458,731.0
2012-10-27 18:00:00,456,451.1542886733074,521.0
2012-10-27 19:00:00,300,306.30615444901883,345.0
2012-10-27 20:00:00,296,247.0552090509023,259.0
2012-10-27 21:00:00,209,259.83068886310616,296.0
2012-10-27 22:00:00,157,197.28143982791138,202.0
2012-10-27 23:00:00,167,158.9679752628634,163.0
2012-10-28 00:00:00,117,82.36275612856974,154.0
2012-10-28 01:00:00,133,127.38802660240307,117.0
2012-10-28 02:00:00,116,110.7062060844666,132.0
2012-10-28 03:00:00,79,45.25956426894596,41.0
2012-10-28 04:00:00,20,19.041931507916473,21.0
2012-10-28 05:00:00,28,12.202118998831901,10.0
2012-10-28 06:00:00,39,23.98385488566985,26.0
2012-10-28 07:00:00,65,68.91403261164474,56.0
2012-10-28 08:00:00,173,148.38946638117946,143.0
2012-10-28 09:00:00,330,228.7656891557129,269.0
2012-10-28 10:00:00,434,381.80229950582304,443.0
2012-10-28 11:00:00,462,498.2062020058555,547.0
2012-10-28 12:00:00,491,514.4356573598573,675.0
2012-10-28 13:00:00,391,565.1155083003068,626.0
2012-10-28 14:00:00,402,553.2209032916915,640.0
2012-10-28 15:00:00,301,533.393681907414,623.0
2012-10-28 16:00:00,293,302.6227418130256,591.0
2012-10-28 17:00:00,225,193.68278457366583,491.0
2012-10-28 18:00:00,154,79.94585353763992,413.0
2012-10-28 19:00:00,54,58.36202052090736,266.0
2012-10-28 20:00:00,55,68.40404824650788,195.0
2012-10-28 21:00:00,46,39.148738543287244,166.0
2012-10-28 22:00:00,37,39.45731044181499,113.0
2012-10-28 23:00:00,14,27.45478318455123,66.0
2012-10-29 00:00:00,22,8.737330455005878,31.0
2012-10-31 13:00:00,213,268.88112961530896,306.0
2012-10-31 14:00:00,224,260.527391194418,301.0
2012-10-31 15:00:00,230,267.1292076728071,308.0
2012-10-31 16:00:00,424,404.49711637899907,532.0
2012-10-31 17:00:00,723,547.1352146876479,963.0
2012-10-31 18:00:00,584,547.1352146876479,858.0
2012-10-31 19:00:00,410,406.21355353662074,572.0
2012-10-31 20:00:00,268,298.2479040190282,441.0
2012-10-31 21:00:00,192,238.33299957961998,313.0
2012-10-31 22:00:00,165,190.1300040836245,238.0
2012-10-31 23:00:00,101,94.70907307090606,123.0
2012-11-01 00:00:00,60,62.02358420961554,76.0
2012-11-01 01:00:00,30,22.818037553351466,28.0
2012-11-01 02:00:00,20,14.753430003422707,18.0
2012-11-01 03:00:00,15,8.891804951908906,8.0
2012-11-01 04:00:00,10,8.76845737841241,5.0
2012-11-01 05:00:00,40,54.05283046366125,55.0
2012-11-01 06:00:00,148,149.2280017449211,171.0
2012-11-01 07:00:00,420,428.06293851307294,495.0
2012-11-01 08:00:00,680,645.7300115840976,779.0
2012-11-01 09:00:00,331,204.36915848375807,343.0
2012-11-01 10:00:00,146,109.30586308103095,225.0
2012-11-01 11:00:00,170,114.33520859352868,238.0
2012-11-01 12:00:00,221,167.0773095236268,319.0
2012-11-01 13:00:00,248,253.57896470851995,313.0
2012-11-01 14:00:00,185,241.79958109485653,285.0
2012-11-01 15:00:00,214,251.54026997909907,305.0
2012-11-01 16:00:00,344,383.5304388137231,499.0
2012-11-01 17:00:00,689,493.9298880141787,886.0
2012-11-01 18:00:00,678,584.8431384190865,809.0
2012-11-01 19:00:00,452,425.5151339156562,542.0
2012-11-01 20:00:00,296,280.56702459653343,347.0
2012-11-01 21:00:00,267,225.32651682798002,271.0
2012-11-01 22:00:00,202,177.12775441589045,207.0
2012-11-01 23:00:00,120,113.73924014241592,135.0
2012-11-02 00:00:00,50,66.28037699465699,71.0
2012-11-02 01:00:00,24,39.70989290522466,36.0
2012-11-02 02:00:00,10,19.41385712319566,19.0
2012-11-02 03:00:00,3,13.181690883563295,13.0
2012-11-02 04:00:00,7,8.477233449088617,5.0
2012-11-02 05:00:00,26,41.97140772068068,50.0
2012-11-02 06:00:00,122,141.77560557752537,144.0
2012-11-02 07:00:00,357,406.7624550386498,421.0
2012-11-02 08:00:00,687,670.5286106149329,734.0
2012-11-02 09:00:00,382,339.3820519498669,403.0
2012-11-02 10:00:00,204,190.3851519068473,197.0
2012-11-02 11:00:00,221,269.2421173735428,290.0
2012-11-02 12:00:00,292,307.56405473482783,392.0
2012-11-02 13:00:00,294,277.36379492024736,337.0
2012-11-02 14:00:00,262,258.9862155107448,351.0
2012-11-02 15:00:00,306,288.6401028866541,448.0
2012-11-02 16:00:00,421,449.89203991842936,582.0
2012-11-02 17:00:00,638,630.7163947156538,817.0
2012-11-02 18:00:00,522,574.130365107294,665.0
2012-11-02 19:00:00,374,370.039735657227,471.0
2012-11-02 20:00:00,221,238.3696140555378,311.0
2012-11-02 21:00:00,156,234.6967308399045,292.0
2012-11-02 22:00:00,149,183.16229051667332,217.0
2012-11-02 23:00:00,119,129.7891604727499,178.0
2012-11-03 00:00:00,108,105.95769470154174,142.0
2012-11-03 01:00:00,89,104.93988120408626,146.0
2012-11-03 02:00:00,46,67.25064427035431,90.0
2012-11-03 03:00:00,28,22.88419122729834,26.0
2012-11-03 04:00:00,16,12.59759384667864,13.0
2012-11-03 05:00:00,9,16.146111928256463,9.0
2012-11-03 06:00:00,21,44.702817061085526,31.0
2012-11-03 07:00:00,59,107.9894485607838,86.0
2012-11-03 08:00:00,142,215.51483061527153,213.0
2012-11-03 09:00:00,219,255.2321487098187,328.0
2012-11-03 10:00:00,328,365.40687924012235,479.0
2012-11-03 11:00:00,340,394.16288248287736,585.0
2012-11-03 12:00:00,394,418.644457704944,668.0
2012-11-03 13:00:00,449,467.4527679304657,760.0
2012-11-03 14:00:00,455,482.6405543115498,750.0
2012-11-03 15:00:00,448,424.7377343532637,711.0
2012-11-03 16:00:00,400,428.39918157822825,612.0
2012-11-03 17:00:00,410,411.2571735802906,618.0
2012-11-03 18:00:00,297,361.4680716739631,456.0
2012-11-03 19:00:00,239,280.394991642411,300.0
2012-11-03 20:00:00,181,217.21932989992905,296.0
2012-11-03 21:00:00,166,176.7234632956135,209.0
2012-11-03 22:00:00,146,139.6584379998564,157.0
2012-11-03 23:00:00,148,126.69081122009592,167.0
2012-11-04 00:00:00,102,109.48699958154866,117.0
2012-11-04 01:00:00,165,106.0105109513993,133.0
2012-11-04 02:00:00,37,95.74271513792785,116.0
2012-11-04 03:00:00,11,60.75804569563036,79.0
2012-11-04 04:00:00,9,15.516411707019405,20.0
2012-11-04 05:00:00,5,21.446304685239156,28.0
2012-11-04 06:00:00,16,33.736994630178934,39.0
2012-11-04 07:00:00,50,51.822988064340514,65.0
2012-11-04 08:00:00,149,132.6400639256864,173.0
2012-11-04 09:00:00,217,216.24465018162888,330.0
2012-11-04 10:00:00,360,321.6301983285751,434.0
2012-11-04 11:00:00,445,348.91261326645986,462.0
2012-11-04 12:00:00,504,404.0117114342732,491.0
2012-11-04 13:00:00,493,346.70948748252295,391.0
2012-11-04 14:00:00,509,354.2481612365706,402.0
2012-11-04 15:00:00,449,354.55708106529687,301.0
2012-11-04 16:00:00,435,353.71784859975105,293.0
2012-11-04 17:00:00,327,282.7271149779721,225.0
2012-11-04 18:00:00,237,224.07014429903518,154.0
2012-11-04 19:00:00,227,170.52530631501057,54.0
2012-11-04 20:00:00,141,105.74964125361106,55.0
2012-11-04 21:00:00,87,110.43591605639116,46.0
2012-11-04 22:00:00,79,91.767916827707,37.0
2012-11-04 23:00:00,53,86.64946282750414,14.0
2012-11-05 00:00:00,23,41.7933541352279,22.0
2012-11-06 13:00:00,278,184.23673875640952,116.0
2012-11-06 14:00:00,240,174.8156316396466,126.0
2012-11-06 15:00:00,272,188.5805131230901,124.0
2012-11-06 16:00:00,402,254.8324927297341,98.0
2012-11-06 17:00:00,627,458.87827578398145,124.0
2012-11-06 18:00:00,497,436.4628761576939,143.0
2012-11-06 19:00:00,371,265.2129740800754,115.0
2012-11-06 20:00:00,228,160.1134191089253,81.0
2012-11-06 21:00:00,151,117.09224467299065,64.0
2012-11-06 22:00:00,153,94.64661242736427,66.0
2012-11-06 23:00:00,205,45.29022900999309,39.0
2012-11-07 00:00:00,283,16.433224842747556,16.0
2012-11-07 01:00:00,92,7.628723404817447,8.0
2012-11-07 02:00:00,74,7.669592928023218,7.0
2012-11-07 03:00:00,11,8.020979031248816,3.0
2012-11-07 04:00:00,9,8.626586012244772,5.0
2012-11-07 05:00:00,27,25.435367935628253,24.0
2012-11-07 06:00:00,118,131.4892650726086,116.0
2012-11-07 07:00:00,319,365.3113952882634,337.0
2012-11-07 08:00:00,601,573.8901026895581,621.0
2012-11-07 09:00:00,368,333.4378137753276,297.0
2012-11-07 10:00:00,178,182.8234964229763,168.0
2012-11-07 11:00:00,147,182.88192461863179,189.0
2012-11-07 12:00:00,212,208.58459016084984,241.0
2012-11-07 13:00:00,181,216.39573219426893,213.0
2012-11-07 14:00:00,161,198.32190100330826,224.0
2012-11-07 15:00:00,198,223.0860663653574,230.0
2012-11-07 16:00:00,273,349.6814797110899,424.0
2012-11-07 17:00:00,517,559.8724917015205,723.0
2012-11-07 18:00:00,465,430.1647631521112,584.0
2012-11-07 19:00:00,319,317.9092976774378,410.0
2012-11-07 20:00:00,256,207.4709032394803,268.0
2012-11-07 21:00:00,126,147.12553974847464,192.0
2012-11-07 22:00:00,60,76.25372748453253,165.0
2012-11-07 23:00:00,40,77.99461325233425,101.0
2012-11-08 00:00:00,15,97.75783853093074,60.0
2012-11-08 01:00:00,12,20.458401421078914,30.0
2012-11-08 02:00:00,6,21.1132568683508,20.0
2012-11-08 04:00:00,10,10.814923062424034,10.0
2012-11-08 05:00:00,35,37.684229273169144,40.0
2012-11-08 06:00:00,124,132.74666060129803,148.0
2012-11-08 07:00:00,423,358.4953664138404,420.0
2012-11-08 08:00:00,668,629.4015238353375,680.0
2012-11-08 09:00:00,275,332.6366694059956,331.0
2012-11-08 10:00:00,161,155.765444371563,146.0
2012-11-08 11:00:00,171,163.22570233424884,170.0
2012-11-08 12:00:00,235,220.0610092341405,221.0
2012-11-08 13:00:00,228,219.47997230819203,248.0
2012-11-08 14:00:00,182,182.41631451763178,185.0
2012-11-08 15:00:00,233,208.32697776271905,214.0
2012-11-08 16:00:00,339,296.0333010929368,344.0
2012-11-08 17:00:00,592,607.1521861314783,689.0
2012-11-08 18:00:00,507,591.5938722767562,678.0
2012-11-08 19:00:00,373,354.2080183259138,452.0
2012-11-08 20:00:00,245,261.44294489780447,296.0
2012-11-08 21:00:00,233,204.18913092866342,267.0
2012-11-08 22:00:00,161,142.83172788375444,202.0
2012-11-08 23:00:00,87,98.95093339213975,120.0
2012-11-09 00:00:00,55,41.927475087636005,50.0
2012-11-09 01:00:00,20,24.37162206020491,24.0
2012-11-09 02:00:00,12,10.706869854803807,10.0
2012-11-09 04:00:00,14,9.288046995134968,7.0
2012-11-09 05:00:00,27,25.605615575197405,26.0
2012-11-09 06:00:00,131,124.79431467407068,122.0
2012-11-09 07:00:00,341,370.8275713696876,357.0
2012-11-09 08:00:00,693,670.6898993190104,687.0
2012-11-09 09:00:00,327,303.9348108856317,382.0
2012-11-09 10:00:00,197,186.3435016695559,204.0
2012-11-09 11:00:00,251,211.357885751436,221.0
2012-11-09 12:00:00,262,281.4103128874834,292.0
2012-11-09 13:00:00,299,292.8865249615436,294.0
2012-11-09 14:00:00,274,253.0787318379374,262.0
2012-11-09 15:00:00,356,292.84618332227063,306.0
2012-11-09 16:00:00,434,383.1028458680488,421.0
2012-11-09 17:00:00,654,554.0818791848001,638.0
2012-11-09 18:00:00,496,456.32641848654663,522.0
2012-11-09 19:00:00,361,301.58106972040014,374.0
2012-11-09 20:00:00,255,225.99675808818466,221.0
2012-11-09 21:00:00,199,188.83825050177242,156.0
2012-11-09 22:00:00,163,144.62060049114567,149.0
2012-11-09 23:00:00,162,104.10333567705088,119.0
2012-11-10 00:00:00,122,80.20481096512178,108.0
2012-11-10 01:00:00,76,69.60848106674514,89.0
2012-11-10 02:00:00,44,39.41305138302832,46.0
2012-11-10 03:00:00,20,21.584065799048275,28.0
2012-11-10 04:00:00,6,13.667034579518427,16.0
2012-11-10 05:00:00,10,13.151633736380864,9.0
2012-11-10 06:00:00,16,50.605859931914736,21.0
2012-11-10 07:00:00,71,79.47855910966183,59.0
2012-11-10 08:00:00,146,226.08672932672664,142.0
2012-11-10 09:00:00,259,231.72216573529496,219.0
2012-11-10 10:00:00,350,277.34966639860437,328.0
2012-11-10 11:00:00,466,307.62866518217356,340.0
2012-11-10 12:00:00,606,384.74408390188637,394.0
2012-11-10 13:00:00,651,422.1243647074656,449.0
2012-11-10 14:00:00,627,450.45464536381206,455.0
2012-11-10 15:00:00,567,428.02982549735776,448.0
2012-11-10 16:00:00,605,414.24090382493347,400.0
2012-11-10 17:00:00,501,398.52329882998765,410.0
2012-11-10 18:00:00,359,352.24905311474276,297.0
2012-11-10 19:00:00,283,286.6083898390462,239.0
2012-11-10 20:00:00,192,237.32860626820366,181.0
2012-11-10 21:00:00,220,173.5674944205167,166.0
2012-11-10 22:00:00,193,145.15478522197745,146.0
2012-11-10 23:00:00,146,139.5244600255584,148.0
2012-11-11 00:00:00,124,90.14983105991661,102.0
2012-11-11 01:00:00,108,125.38969866038332,165.0
2012-11-11 02:00:00,70,39.64461529846312,37.0
2012-11-11 03:00:00,48,17.261190794092883,11.0
2012-11-11 04:00:00,11,9.139494230794035,9.0
2012-11-11 05:00:00,12,9.619216138613151,5.0
2012-11-11 06:00:00,19,12.368931275515886,16.0
2012-11-11 07:00:00,68,41.69855635409733,50.0
2012-11-11 08:00:00,119,117.88771720067805,149.0
2012-11-11 09:00:00,273,234.09881359649532,217.0
2012-11-11 10:00:00,405,321.46500347195246,360.0
2012-11-11 11:00:00,504,400.2719974299269,445.0
2012-11-11 12:00:00,585,518.980941503845,504.0
2012-11-11 13:00:00,686,552.5138187341518,493.0
2012-11-11 14:00:00,654,564.9703488883229,509.0
2012-11-11 15:00:00,724,472.82142912274895,449.0
2012-11-11 16:00:00,653,483.6644999517975,435.0
2012-11-11 17:00:00,493,386.208538865577,327.0
2012-11-11 18:00:00,405,312.74890635447593,237.0
2012-11-11 19:00:00,277,271.32368709446223,227.0
2012-11-11 20:00:00,200,167.20471315418152,141.0
2012-11-11 21:00:00,171,146.35958344636867,87.0
2012-11-11 22:00:00,134,108.82633400275763,79.0
2012-11-11 23:00:00,109,84.97902136594567,53.0
2012-11-12 00:00:00,49,64.06255512877858,23.0
2012-11-12 01:00:00,30,43.594309678539425,8.0
2012-11-12 02:00:00,20,18.153535076369785,6.0
2012-11-12 03:00:00,4,13.578137867773593,4.0
2012-11-12 04:00:00,4,14.366444793790146,16.0
2012-11-12 05:00:00,24,34.10160055476385,39.0
2012-11-12 06:00:00,71,85.79459686107681,139.0
2012-11-12 07:00:00,264,155.0931455310851,461.0
2012-11-12 08:00:00,540,331.65162161961126,648.0
2012-11-12 09:00:00,397,182.06241733951424,257.0
2012-11-12 10:00:00,266,264.96749063449425,142.0
2012-11-12 11:00:00,367,297.50366536965294,150.0
2012-11-12 12:00:00,419,317.78024019319196,244.0
2012-11-12 13:00:00,420,389.4187539506256,222.0
2012-11-12 14:00:00,444,339.31382506605866,196.0
2012-11-12 15:00:00,382,400.4415262788193,231.0
2012-11-12 16:00:00,434,443.0844276832932,360.0
2012-11-12 17:00:00,596,465.6452483208514,638.0
2012-11-12 18:00:00,551,398.6292235098405,542.0
2012-11-12 19:00:00,353,290.2485866943073,372.0
2012-11-12 20:00:00,304,203.74065293334138,241.0
2012-11-12 21:00:00,155,105.15573003385968,152.0
2012-11-12 22:00:00,112,132.28249341418393,115.0
2012-11-12 23:00:00,63,82.47956212227534,53.0
2012-11-13 00:00:00,23,20.39738912583027,19.0
2012-11-13 01:00:00,5,0.0,8.0
2012-11-13 02:00:00,11,0.0,2.0
2012-11-13 03:00:00,5,0.0,4.0
2012-11-13 04:00:00,9,1.5234255504526077,7.0
2012-11-13 05:00:00,18,39.71878438414262,41.0
2012-11-13 06:00:00,50,75.75372917593128,149.0
2012-11-13 07:00:00,107,179.98101170063407,387.0
2012-11-13 08:00:00,211,300.2504609247368,588.0
2012-11-13 09:00:00,110,223.73784439688848,363.0
2012-11-13 10:00:00,94,102.80044430233478,230.0
2012-11-13 11:00:00,155,261.9118097715537,216.0
2012-11-13 12:00:00,196,312.7957258495524,248.0
2012-11-13 13:00:00,218,329.32035335473614,278.0
2012-11-13 14:00:00,203,304.5173316307183,240.0
2012-11-13 15:00:00,217,303.41780543497794,272.0
2012-11-13 16:00:00,310,377.0045696533746,402.0
2012-11-13 17:00:00,608,568.6532514224396,627.0
2012-11-13 18:00:00,559,499.10177498236834,497.0
2012-11-13 19:00:00,356,326.4413605731277,371.0
2012-11-13 20:00:00,223,246.22627640597327,228.0
2012-11-13 21:00:00,187,136.6721365659186,151.0
2012-11-13 22:00:00,135,124.40580956288848,153.0
2012-11-13 23:00:00,84,128.4673159896135,205.0
2012-11-14 00:00:00,24,206.46916760842882,283.0
2012-11-14 01:00:00,12,63.69709923083279,92.0
2012-11-14 02:00:00,1,58.81011247239712,74.0
2012-11-14 03:00:00,5,11.609558379067765,11.0
2012-11-14 04:00:00,6,9.653954562775928,9.0
2012-11-14 05:00:00,39,24.16250932586009,27.0
2012-11-14 06:00:00,146,103.51089210325978,118.0
2012-11-14 07:00:00,415,259.2759374519698,319.0
2012-11-14 08:00:00,691,440.46990359320074,601.0
2012-11-14 09:00:00,332,282.7782899881258,368.0
2012-11-14 10:00:00,171,138.4828909469078,178.0
2012-11-14 11:00:00,151,144.52854792533458,147.0
2012-11-14 12:00:00,240,198.14394501640624,212.0
2012-11-14 13:00:00,214,201.88615758678014,181.0
2012-11-14 14:00:00,181,188.40980197231818,161.0
2012-11-14 15:00:00,260,207.2371795884824,198.0
2012-11-14 16:00:00,321,283.9468886563987,273.0
2012-11-14 17:00:00,583,530.1447075698452,517.0
2012-11-14 18:00:00,567,486.81652582479575,465.0
2012-11-14 19:00:00,396,312.80048842934093,319.0
2012-11-14 20:00:00,267,214.59378681486714,256.0
2012-11-14 21:00:00,213,159.60241339610258,126.0
2012-11-14 22:00:00,173,97.37554258079858,60.0
2012-11-14 23:00:00,87,50.66417401049463,40.0
2012-11-15 00:00:00,34,20.00887300554069,15.0
2012-11-15 01:00:00,16,12.600089696779957,12.0
2012-11-15 02:00:00,7,7.796761646534989,6.0
2012-11-15 04:00:00,5,9.408027737381477,10.0
2012-11-15 05:00:00,37,36.494761831006976,35.0
2012-11-15 06:00:00,147,136.04770860178573,124.0
2012-11-15 07:00:00,410,396.57008515298946,423.0
2012-11-15 08:00:00,646,660.7307391546404,668.0
2012-11-15 09:00:00,323,267.1621003238859,275.0
2012-11-15 10:00:00,153,157.47275215809273,161.0
2012-11-15 11:00:00,166,154.31189365574923,171.0
2012-11-15 12:00:00,213,227.26117404177685,235.0
2012-11-15 13:00:00,217,220.5513809720011,228.0
2012-11-15 14:00:00,201,178.5740199233542,182.0
2012-11-15 15:00:00,217,245.13243904145082,233.0
2012-11-15 16:00:00,342,283.4001683830791,339.0
2012-11-15 17:00:00,563,497.4486100940363,592.0
2012-11-15 18:00:00,573,464.3372501542217,507.0
2012-11-15 19:00:00,386,346.7520200310238,373.0
2012-11-15 20:00:00,285,267.6618016537765,245.0
2012-11-15 21:00:00,224,200.55694362630106,233.0
2012-11-15 22:00:00,153,151.23590039729794,161.0
2012-11-15 23:00:00,125,79.2434575650506,87.0
2012-11-16 00:00:00,65,50.72014499255167,55.0
2012-11-16 01:00:00,21,14.972718853010013,20.0
2012-11-16 02:00:00,9,10.516221971749513,12.0
2012-11-16 03:00:00,6,8.295371012570714,9.0
2012-11-16 04:00:00,5,11.321943153039635,14.0
2012-11-16 05:00:00,36,26.095223591473523,27.0
2012-11-16 06:00:00,130,136.7350207945384,131.0
2012-11-16 07:00:00,367,364.0462476409391,341.0
2012-11-16 08:00:00,711,647.9267238879554,693.0
2012-11-16 09:00:00,351,304.1228960993064,327.0
2012-11-16 10:00:00,198,177.86592827716345,197.0
2012-11-16 11:00:00,218,236.34327984744007,251.0
2012-11-16 12:00:00,290,241.85230792585168,262.0
2012-11-16 13:00:00,278,274.3097503173431,299.0
2012-11-16 14:00:00,251,249.01927414646417,274.0
2012-11-16 15:00:00,267,293.42086565963365,356.0
2012-11-16 16:00:00,383,367.83811780291535,434.0
2012-11-16 17:00:00,580,525.7871527098914,654.0
2012-11-16 18:00:00,505,501.5543920325046,496.0
2012-11-16 19:00:00,332,335.6458790747079,361.0
2012-11-16 20:00:00,227,252.29402559713114,255.0
2012-11-16 21:00:00,178,196.17215921677453,199.0
2012-11-16 22:00:00,162,144.26355951738037,163.0
2012-11-16 23:00:00,128,134.08618993521367,162.0
2012-11-17 00:00:00,106,106.07042613701579,122.0
2012-11-17 01:00:00,87,58.94548530380057,76.0
2012-11-17 02:00:00,49,35.92068175127479,44.0
2012-11-17 03:00:00,21,10.96335502519313,20.0
2012-11-17 04:00:00,7,5.317393023750029,6.0
2012-11-17 05:00:00,11,10.6412866689627,10.0
2012-11-17 06:00:00,21,51.54595918040705,16.0
2012-11-17 07:00:00,78,102.47669995001802,71.0
2012-11-17 08:00:00,168,223.000110229942,146.0
2012-11-17 09:00:00,248,260.06066847052085,259.0
2012-11-17 10:00:00,320,276.2965015937177,350.0
2012-11-17 11:00:00,423,347.0598424944329,466.0
2012-11-17 12:00:00,476,444.466785686978,606.0
2012-11-17 13:00:00,525,481.032013969303,651.0
2012-11-17 14:00:00,555,487.1571780319304,627.0
2012-11-17 15:00:00,549,452.5815510836133,567.0
2012-11-17 16:00:00,469,436.64239964406903,605.0
2012-11-17 17:00:00,403,414.3593801248012,501.0
2012-11-17 18:00:00,271,334.82916079546595,359.0
2012-11-17 19:00:00,253,249.8254089055447,283.0
2012-11-17 20:00:00,172,185.50476531014067,192.0
2012-11-17 21:00:00,139,159.22800109028321,220.0
2012-11-17 22:00:00,145,144.91607381760218,193.0
2012-11-17 23:00:00,133,120.1777224406118,146.0
2012-11-18 00:00:00,129,115.43700728078744,124.0
2012-11-18 01:00:00,95,84.22142560921074,108.0
2012-11-18 02:00:00,73,61.253662645419645,70.0
2012-11-18 03:00:00,46,42.70607643264174,48.0
2012-11-18 04:00:00,12,11.46083015451715,11.0
2012-11-18 05:00:00,12,12.72584945916175,12.0
2012-11-18 06:00:00,15,13.590021085445327,19.0
2012-11-18 07:00:00,42,61.470766311883544,68.0
2012-11-18 08:00:00,119,126.30038558760592,119.0
2012-11-18 09:00:00,204,204.30177024041237,273.0
2012-11-18 10:00:00,329,313.1823481962454,405.0
2012-11-18 11:00:00,359,409.2063543976455,504.0
2012-11-18 12:00:00,442,451.47380264786,585.0
2012-11-18 13:00:00,447,512.3291282775846,686.0
2012-11-18 14:00:00,428,508.52095815079895,654.0
2012-11-18 15:00:00,407,514.9029638526207,724.0
2012-11-18 16:00:00,372,440.495309096933,653.0
2012-11-18 17:00:00,280,343.81076928127123,493.0
2012-11-18 18:00:00,276,278.18174435298073,405.0
2012-11-18 19:00:00,210,239.5236971748516,277.0
2012-11-18 20:00:00,129,174.914579511872,200.0
2012-11-18 21:00:00,110,138.04986367890393,171.0
2012-11-18 22:00:00,74,114.83370267114567,134.0
2012-11-18 23:00:00,59,87.3988044166008,109.0
2012-11-19 00:00:00,27,66.68103497075948,49.0
2012-11-19 01:00:00,19,48.34419084787947,30.0
2012-11-19 02:00:00,5,23.108940095209583,20.0
2012-11-19 03:00:00,2,14.559217251962378,4.0
2012-11-19 04:00:00,12,9.879138977188806,4.0
2012-11-19 05:00:00,39,23.026698804819013,24.0
2012-11-19 06:00:00,131,77.90549738044126,71.0
2012-11-19 07:00:00,386,259.5121414306165,264.0
2012-11-19 08:00:00,663,500.9722244779697,540.0
2012-11-19 09:00:00,278,312.4526944711094,397.0
2012-11-19 10:00:00,139,194.39510629454765,266.0
2012-11-19 11:00:00,197,259.13258414654297,367.0
2012-11-19 12:00:00,242,294.59097185646823,419.0
2012-11-19 13:00:00,251,301.8044039074284,420.0
2012-11-19 14:00:00,217,287.3879664644734,444.0
2012-11-19 15:00:00,257,263.41661087096486,382.0
2012-11-19 16:00:00,380,341.7441733034273,434.0
2012-11-19 17:00:00,619,487.41330502093945,596.0
2012-11-19 18:00:00,580,453.0756813738428,551.0
2012-11-19 19:00:00,406,297.06019471134414,353.0
2012-11-19 20:00:00,259,259.2172779410854,304.0
2012-11-19 21:00:00,203,154.1815521464891,155.0
2012-11-19 22:00:00,113,98.28596972422359,112.0
2012-11-19 23:00:00,74,63.68286147107376,63.0
2012-11-20 00:00:00,29,26.542507360689438,23.0
2012-11-20 01:00:00,13,11.28267256976236,5.0
2012-11-20 02:00:00,5,11.385839148054878,11.0
2012-11-20 03:00:00,2,8.497386990022044,5.0
2012-11-20 04:00:00,6,11.865988675190145,9.0
2012-11-20 05:00:00,34,20.832547172549553,18.0
2012-11-20 06:00:00,148,94.23687900907802,50.0
2012-11-20 07:00:00,418,255.70279596309692,107.0
2012-11-20 08:00:00,665,403.4211638503835,211.0
2012-11-20 09:00:00,326,213.3091460014321,110.0
2012-11-20 10:00:00,176,118.21825008914256,94.0
2012-11-20 11:00:00,205,174.26631817571115,155.0
2012-11-20 12:00:00,313,209.1877576434657,196.0
2012-11-20 13:00:00,267,234.39176910196966,218.0
2012-11-20 14:00:00,224,213.78675243659598,203.0
2012-11-20 15:00:00,287,248.88177455107098,217.0
2012-11-20 16:00:00,395,311.91404308909466,310.0
2012-11-20 17:00:00,590,515.6130683762237,608.0
2012-11-20 18:00:00,550,492.6638749141621,559.0
2012-11-20 19:00:00,384,340.5455572426557,356.0
2012-11-20 20:00:00,235,239.12456712849712,223.0
2012-11-20 21:00:00,157,187.27215816479546,187.0
2012-11-20 22:00:00,122,116.84989062651377,135.0
2012-11-20 23:00:00,83,71.75044744481299,84.0
2012-11-21 00:00:00,26,28.37423824163627,24.0
2012-11-21 01:00:00,14,13.600528612093425,12.0
2012-11-21 02:00:00,8,7.879795104234217,1.0
2012-11-21 03:00:00,2,7.879795104234217,5.0
2012-11-21 04:00:00,10,7.879795104234217,6.0
2012-11-21 05:00:00,29,38.00689451685124,39.0
2012-11-21 06:00:00,101,133.3253494091523,146.0
2012-11-21 07:00:00,273,397.9435126520682,415.0
2012-11-21 08:00:00,551,654.125621973265,691.0
2012-11-21 09:00:00,365,291.26300340521425,332.0
2012-11-21 10:00:00,172,172.71804456414574,171.0
2012-11-21 11:00:00,241,180.14645391009392,151.0
2012-11-21 12:00:00,344,260.9796819708487,240.0
2012-11-21 13:00:00,365,249.67266885935763,214.0
2012-11-21 14:00:00,413,221.06666695551652,181.0
2012-11-21 15:00:00,449,270.9996488797496,260.0
2012-11-21 16:00:00,469,361.4356467738079,321.0
2012-11-21 17:00:00,374,532.178923830764,583.0
2012-11-21 18:00:00,311,495.10061641669085,567.0
2012-11-21 19:00:00,243,357.9083293882404,396.0
2012-11-21 20:00:00,136,248.53800654861624,267.0
2012-11-21 21:00:00,105,189.29793330497336,213.0
2012-11-21 22:00:00,88,138.59309878911918,173.0
2012-11-21 23:00:00,57,75.35426568350144,87.0
2012-11-22 00:00:00,46,39.49607455961364,34.0
2012-11-22 01:00:00,42,15.07760127280076,16.0
2012-11-22 02:00:00,18,8.240257748001461,7.0
2012-11-22 03:00:00,6,7.137422314533338,2.0
2012-11-22 04:00:00,3,8.929755905391207,5.0
2012-11-22 05:00:00,8,36.11448490123612,37.0
2012-11-22 06:00:00,17,100.91151949016795,147.0
2012-11-22 07:00:00,56,149.1561160886834,410.0
2012-11-22 08:00:00,97,344.5002420737381,646.0
2012-11-22 09:00:00,119,227.07358850529675,323.0
2012-11-22 10:00:00,219,171.74945891883823,153.0
2012-11-22 11:00:00,232,220.26743920821136,166.0
2012-11-22 12:00:00,262,291.07978570470453,213.0
2012-11-22 13:00:00,269,318.43550021571855,217.0
2012-11-22 14:00:00,220,322.3710350184048,201.0
2012-11-22 15:00:00,228,333.1733715836758,217.0
2012-11-22 16:00:00,182,335.6107152021569,342.0
2012-11-22 17:00:00,109,364.7247440395629,563.0
2012-11-22 18:00:00,70,319.9383066980657,573.0
2012-11-22 19:00:00,44,186.8338660168867,386.0
2012-11-22 20:00:00,52,204.1564454962691,285.0
2012-11-22 21:00:00,46,165.00815661958978,224.0
2012-11-22 22:00:00,44,116.5915959888671,153.0
2012-11-22 23:00:00,36,91.20299369487992,125.0
2012-11-23 00:00:00,32,58.239620833233474,65.0
2012-11-23 01:00:00,13,21.895511218304552,21.0
2012-11-23 02:00:00,5,10.250811310393853,9.0
2012-11-23 03:00:00,1,6.531607233791983,6.0
2012-11-23 04:00:00,4,6.509850045331354,5.0
2012-11-23 05:00:00,10,33.34138213372572,36.0
2012-11-23 06:00:00,20,108.49149798022619,130.0
2012-11-23 07:00:00,77,275.6283732832198,367.0
2012-11-23 08:00:00,94,494.6225704932714,711.0
2012-11-23 09:00:00,112,265.3030008792992,351.0
2012-11-23 10:00:00,201,211.98323452835336,198.0
2012-11-23 11:00:00,251,239.4482662751667,218.0
2012-11-23 12:00:00,379,297.4153189736765,290.0
2012-11-23 13:00:00,424,287.8594111411676,278.0
2012-11-23 14:00:00,435,259.7999811083903,251.0
2012-11-23 15:00:00,447,260.2520154860406,267.0
2012-11-23 16:00:00,357,306.0214441911305,383.0
2012-11-23 17:00:00,300,441.12333520970884,580.0
2012-11-23 18:00:00,208,410.60635553275404,505.0
2012-11-23 19:00:00,154,273.5016535566094,332.0
2012-11-23 20:00:00,142,206.32956098384636,227.0
2012-11-23 21:00:00,98,153.89842118498888,178.0
2012-11-23 22:00:00,79,139.07364043589214,162.0
2012-11-23 23:00:00,67,110.7815425323567,128.0
2012-11-24 00:00:00,42,77.03789678643598,106.0
2012-11-24 01:00:00,20,54.035506796874444,87.0
2012-11-24 02:00:00,32,16.97549408191432,49.0
2012-11-24 03:00:00,11,14.341243341142857,21.0
2012-11-24 04:00:00,3,5.081040252506582,7.0
2012-11-24 05:00:00,3,10.10782614999337,11.0
2012-11-24 06:00:00,10,12.048149563762834,21.0
2012-11-24 07:00:00,25,51.41005178373522,78.0
2012-11-24 08:00:00,62,99.31072824809439,168.0
2012-11-24 09:00:00,122,150.95015172116035,248.0
2012-11-24 10:00:00,142,235.028380786989,320.0
2012-11-24 11:00:00,186,289.8937665323641,423.0
2012-11-24 12:00:00,199,284.15666378180043,476.0
2012-11-24 13:00:00,225,437.26233500496284,525.0
2012-11-24 14:00:00,207,403.30654246233956,555.0
2012-11-24 15:00:00,198,403.30654246233956,549.0
2012-11-24 16:00:00,170,326.8326463163267,469.0
2012-11-24 17:00:00,126,233.14001120585317,403.0
2012-11-24 18:00:00,145,157.73148952436352,271.0
2012-11-24 19:00:00,83,170.9788957663388,253.0
2012-11-24 20:00:00,58,125.87014088019383,172.0
2012-11-24 21:00:00,75,105.77239786119993,139.0
2012-11-24 22:00:00,76,101.52907916985197,145.0
2012-11-24 23:00:00,57,90.1133444775337,133.0
2012-11-25 00:00:00,34,99.57268409175569,129.0
2012-11-25 01:00:00,36,65.84408919018857,95.0
2012-11-25 02:00:00,28,59.646363484024626,73.0
2012-11-25 03:00:00,8,39.09560480424893,46.0
2012-11-25 04:00:00,2,11.211857542400761,12.0
2012-11-25 05:00:00,3,13.308657376241207,12.0
2012-11-25 06:00:00,11,8.789275156860425,15.0
2012-11-25 07:00:00,21,34.06989694851092,42.0
2012-11-25 08:00:00,34,87.864170806118,119.0
2012-11-25 09:00:00,96,134.408582447454,204.0
2012-11-25 10:00:00,139,218.7174967398762,329.0
2012-11-25 11:00:00,204,239.17987431665534,359.0
2012-11-25 12:00:00,202,286.56925575803814,442.0
2012-11-25 13:00:00,195,294.34838680190944,447.0
2012-11-25 14:00:00,203,287.0749016409686,428.0
2012-11-25 15:00:00,245,286.14139632716314,407.0
2012-11-25 16:00:00,228,249.71805060754767,372.0
2012-11-25 17:00:00,181,172.2750305553685,280.0
2012-11-25 18:00:00,141,167.19058264353143,276.0
2012-11-25 19:00:00,127,140.5845845180743,210.0
2012-11-25 20:00:00,119,92.81185444404235,129.0
2012-11-25 21:00:00,64,88.62997504790194,110.0
2012-11-25 22:00:00,62,61.38112002890059,74.0
2012-11-25 23:00:00,41,44.093105506805564,59.0
2012-11-26 00:00:00,23,25.30228035767988,27.0
2012-11-26 01:00:00,10,17.536537957203777,19.0
2012-11-26 02:00:00,5,11.193692171347926,5.0
2012-11-26 03:00:00,5,8.091296152636577,2.0
2012-11-26 04:00:00,10,11.384740660299066,12.0
2012-11-26 05:00:00,41,34.3877242878546,39.0
2012-11-26 06:00:00,124,114.15926929144352,131.0
2012-11-26 07:00:00,365,319.13229316516924,386.0
2012-11-26 08:00:00,638,592.0252593098893,663.0
2012-11-26 09:00:00,286,234.80147968876696,278.0
2012-11-26 10:00:00,147,128.6998638957205,139.0
2012-11-26 11:00:00,130,186.1744962112544,197.0
2012-11-26 12:00:00,210,202.96929131129332,242.0
2012-11-26 13:00:00,217,210.16500660748642,251.0
2012-11-26 14:00:00,228,194.4822278568336,217.0
2012-11-26 15:00:00,230,220.72664578573074,257.0
2012-11-26 16:00:00,346,292.01661438456125,380.0
2012-11-26 17:00:00,553,503.1266056043334,619.0
2012-11-26 18:00:00,521,459.234413726354,580.0
2012-11-26 19:00:00,371,336.84609523920835,406.0
2012-11-26 20:00:00,277,233.65647522672936,259.0
2012-11-26 21:00:00,181,162.83709292026916,203.0
2012-11-26 22:00:00,104,92.18630545457526,113.0
2012-11-26 23:00:00,65,70.93947837922092,74.0
2012-11-27 00:00:00,26,29.48585016476696,29.0
2012-11-27 01:00:00,6,12.92071203469326,13.0
2012-11-27 02:00:00,5,8.031083597925916,5.0
2012-11-27 03:00:00,4,1.4252366733513537,2.0
2012-11-27 04:00:00,5,2.7885494593718314,6.0
2012-11-27 05:00:00,31,35.93437557933579,34.0
2012-11-27 06:00:00,100,131.37813658418116,148.0
2012-11-27 07:00:00,293,288.9337655397552,418.0
2012-11-27 08:00:00,500,472.062036154168,665.0
2012-11-27 09:00:00,268,278.27731680501023,326.0
2012-11-27 10:00:00,57,71.12514812311242,176.0
2012-11-27 11:00:00,65,58.197772371839186,205.0
2012-11-27 12:00:00,76,96.64818958163059,313.0
2012-11-27 13:00:00,77,73.86324032838884,267.0
2012-11-27 14:00:00,94,55.36992769482818,224.0
2012-11-27 15:00:00,155,213.43626605448307,287.0
2012-11-27 16:00:00,257,265.52124120877613,395.0
2012-11-27 17:00:00,527,423.31387043461945,590.0
2012-11-27 18:00:00,482,447.04740092127315,550.0
2012-11-27 19:00:00,350,325.31998889910534,384.0
2012-11-27 20:00:00,232,229.06388286677227,235.0
2012-11-27 21:00:00,185,147.7866933032531,157.0
2012-11-27 22:00:00,97,111.60187063796795,122.0
2012-11-27 23:00:00,67,61.577643060428365,83.0
2012-11-28 00:00:00,23,23.553885109940182,26.0
2012-11-28 01:00:00,12,11.252352420314693,14.0
2012-11-28 02:00:00,1,6.663121869706429,8.0
2012-11-28 03:00:00,3,7.3725703586730065,2.0
2012-11-28 04:00:00,4,9.494328123903848,10.0
2012-11-28 05:00:00,39,26.86608085108998,29.0
2012-11-28 06:00:00,136,93.8803627195229,101.0
2012-11-28 07:00:00,409,258.4055093933513,273.0
2012-11-28 08:00:00,692,503.0219268001449,551.0
2012-11-28 09:00:00,322,300.4098886291766,365.0
2012-11-28 10:00:00,161,129.07603103345474,172.0
2012-11-28 11:00:00,146,189.86783340161176,241.0
2012-11-28 12:00:00,208,245.06115906119766,344.0
2012-11-28 13:00:00,214,268.84985023627655,365.0
2012-11-28 14:00:00,176,295.20769944089295,413.0
2012-11-28 15:00:00,179,273.4049683857091,449.0
2012-11-28 16:00:00,325,349.2427454353853,469.0
2012-11-28 17:00:00,563,453.19358591736636,374.0
2012-11-28 18:00:00,542,389.3594796796992,311.0
2012-11-28 19:00:00,387,309.6951654949719,243.0
2012-11-28 20:00:00,263,198.70930475701454,136.0
2012-11-28 21:00:00,223,139.50929379958947,105.0
2012-11-28 22:00:00,154,91.70698646922742,88.0
2012-11-28 23:00:00,78,56.02035519282225,57.0
2012-11-29 00:00:00,29,42.495681747648796,46.0
2012-11-29 01:00:00,16,39.39475229855517,42.0
2012-11-29 02:00:00,7,13.792823356372939,18.0
2012-11-29 04:00:00,7,7.7488427199697645,3.0
2012-11-29 05:00:00,42,11.193692171347926,8.0
2012-11-29 06:00:00,121,83.05772577997872,17.0
2012-11-29 07:00:00,362,297.85342238854827,56.0
2012-11-29 08:00:00,679,431.726497731273,97.0
2012-11-29 09:00:00,299,228.7300942839832,119.0
2012-11-29 10:00:00,178,174.8937353057057,219.0
2012-11-29 11:00:00,163,209.38138339205307,232.0
2012-11-29 12:00:00,236,231.8318323791167,262.0
2012-11-29 13:00:00,224,238.14215687103257,269.0
2012-11-29 14:00:00,187,199.4071848591402,220.0
2012-11-29 15:00:00,220,193.06511016571034,228.0
2012-11-29 16:00:00,370,264.93040785712833,182.0
2012-11-29 17:00:00,561,463.2546622541542,109.0
2012-11-29 18:00:00,537,426.8179052059831,70.0
2012-11-29 19:00:00,344,353.7124648892136,44.0
2012-11-29 20:00:00,252,182.78032914684894,52.0
2012-11-29 21:00:00,208,156.12027674339336,46.0
2012-11-29 22:00:00,151,105.10145308974658,44.0
2012-11-29 23:00:00,130,57.84162630322809,36.0
2012-11-30 00:00:00,52,30.16374904370161,32.0
2012-11-30 01:00:00,19,12.74918036644441,13.0
2012-11-30 02:00:00,12,6.639738715067868,5.0
2012-11-30 04:00:00,3,6.6666607807341,4.0
2012-11-30 05:00:00,40,12.235657043648281,10.0
2012-11-30 06:00:00,106,62.514904115692076,20.0
2012-11-30 07:00:00,352,229.0871126156027,77.0
2012-11-30 08:00:00,729,407.7942832937008,94.0
2012-11-30 09:00:00,330,219.77404992645535,112.0
2012-11-30 10:00:00,169,175.44358728958878,201.0
2012-11-30 11:00:00,201,224.7852127211081,251.0
2012-11-30 12:00:00,268,283.5144748145754,379.0
2012-11-30 13:00:00,262,314.2730388210792,424.0
2012-11-30 14:00:00,251,305.1003573231853,435.0
2012-11-30 15:00:00,296,302.6965201442692,447.0
2012-11-30 16:00:00,405,338.8792923580854,357.0
2012-11-30 17:00:00,582,436.42662581475037,300.0
2012-11-30 18:00:00,509,358.493012508893,208.0
2012-11-30 19:00:00,377,234.51259617226054,154.0
2012-11-30 20:00:00,245,200.87572130209006,142.0
2012-11-30 21:00:00,183,139.03256120294685,98.0
2012-11-30 22:00:00,163,105.00347326444974,79.0
2012-11-30 23:00:00,110,93.45301020531576,67.0
2012-12-01 00:00:00,108,43.583053745298606,42.0
2012-12-01 01:00:00,69,16.435040717846444,20.0
2012-12-01 02:00:00,50,28.80516329602607,32.0
2012-12-01 03:00:00,15,9.95260650972447,11.0
2012-12-01 04:00:00,5,6.376573726370012,3.0
2012-12-01 05:00:00,13,9.196535977559778,3.0
2012-12-01 06:00:00,27,27.460387055846354,10.0
2012-12-01 07:00:00,63,56.81098233258451,25.0
2012-12-01 08:00:00,144,166.50912331568625,62.0
2012-12-01 09:00:00,193,136.21837380556263,122.0
2012-12-01 10:00:00,256,134.50017497205843,142.0
2012-12-01 11:00:00,392,187.85273929762056,186.0
2012-12-01 12:00:00,446,211.6875452453043,199.0
2012-12-01 13:00:00,509,255.46199798683196,225.0
2012-12-01 14:00:00,479,242.5709292022722,207.0
2012-12-01 15:00:00,484,265.68276207965306,198.0
2012-12-01 16:00:00,443,270.25771773174944,170.0
2012-12-01 17:00:00,320,230.67051777836903,126.0
2012-12-01 18:00:00,297,229.706262188678,145.0
2012-12-01 19:00:00,249,176.38776643544745,83.0
2012-12-01 20:00:00,198,148.87007130208872,58.0
2012-12-01 21:00:00,158,109.23112541928167,75.0
2012-12-01 22:00:00,147,98.65278686562938,76.0
2012-12-01 23:00:00,126,72.16106188677458,57.0
2012-12-02 00:00:00,117,58.33256505085228,34.0
2012-12-02 01:00:00,94,43.13838391195844,36.0
2012-12-02 02:00:00,74,27.005640085540946,28.0
2012-12-02 03:00:00,25,9.340163499637853,8.0
2012-12-02 04:00:00,7,6.9396854131071795,2.0
2012-12-02 05:00:00,8,8.484168768422784,3.0
2012-12-02 06:00:00,16,4.036206516420054,11.0
2012-12-02 07:00:00,31,10.554677050301962,21.0
2012-12-02 08:00:00,93,73.57221240255437,34.0
2012-12-02 09:00:00,172,98.39069229573205,96.0
2012-12-02 10:00:00,293,162.44761522602764,139.0
2012-12-02 11:00:00,355,215.2772300660596,204.0
2012-12-02 12:00:00,520,226.2459447518133,202.0
2012-12-02 13:00:00,431,293.88257761668734,195.0
2012-12-02 14:00:00,473,312.82340058519327,203.0
2012-12-02 15:00:00,417,340.1483090691979,245.0
2012-12-02 16:00:00,443,304.99168345862637,228.0
2012-12-02 17:00:00,303,140.67857554339832,181.0
2012-12-02 18:00:00,203,194.784822055465,141.0
2012-12-02 19:00:00,174,147.57694392201407,127.0
2012-12-02 20:00:00,154,134.13296105498526,119.0
2012-12-02 21:00:00,99,106.08973315081461,64.0
2012-12-02 22:00:00,96,98.61481783986753,62.0
2012-12-02 23:00:00,51,72.74358955341204,41.0
2012-12-03 00:00:00,21,32.69439390539093,23.0
2012-12-03 01:00:00,13,35.966366826532585,10.0
2012-12-03 02:00:00,10,17.70686417870337,5.0
2012-12-03 03:00:00,8,13.316948156192565,5.0
2012-12-03 04:00:00,5,9.127993678254857,10.0
2012-12-03 05:00:00,38,36.413833672524014,41.0
2012-12-03 06:00:00,138,111.75567421945674,124.0
2012-12-03 07:00:00,396,302.9325885271662,365.0
2012-12-03 08:00:00,731,451.3086546206003,638.0
2012-12-03 09:00:00,308,260.62310170716626,286.0
2012-12-03 10:00:00,136,173.91684519863915,147.0
2012-12-03 11:00:00,233,169.08988024068435,130.0
2012-12-03 12:00:00,268,237.77209041429802,210.0
2012-12-03 13:00:00,321,228.22334862133255,217.0
2012-12-03 14:00:00,260,237.88355937258885,228.0
2012-12-03 15:00:00,268,240.35625639022524,230.0
2012-12-03 16:00:00,442,335.35702141166337,346.0
2012-12-03 17:00:00,708,533.1689711530014,553.0
2012-12-03 18:00:00,692,489.06649773620325,521.0
2012-12-03 19:00:00,471,345.997975229111,371.0
2012-12-03 20:00:00,300,246.6728726594061,277.0
2012-12-03 21:00:00,221,153.8500600982254,181.0
2012-12-03 22:00:00,144,101.31935520330889,104.0
2012-12-03 23:00:00,102,67.08283825480822,65.0
2012-12-04 00:00:00,55,28.120290488657204,26.0
2012-12-04 01:00:00,25,10.604724878291092,6.0
2012-12-04 02:00:00,8,10.350145994234284,5.0
2012-12-04 03:00:00,4,8.818724652832215,4.0
2012-12-04 04:00:00,7,8.476271220165398,5.0
2012-12-04 05:00:00,46,32.532125494614405,31.0
2012-12-04 06:00:00,153,103.45075375493707,100.0
2012-12-04 07:00:00,502,368.8706595456749,293.0
2012-12-04 08:00:00,721,598.5980420776837,500.0
2012-12-04 09:00:00,336,278.66166583703045,268.0
2012-12-04 10:00:00,156,120.9955766401132,57.0
2012-12-04 11:00:00,207,174.73138882702898,65.0
2012-12-04 12:00:00,312,191.49091243437664,76.0
2012-12-04 13:00:00,272,222.53901781923548,77.0
2012-12-04 14:00:00,270,187.51591462099822,94.0
2012-12-04 15:00:00,300,229.92421544869376,155.0
2012-12-04 16:00:00,435,394.6254906446772,257.0
2012-12-04 17:00:00,743,612.0193045758862,527.0
2012-12-04 18:00:00,731,616.0382646202081,482.0
2012-12-04 19:00:00,460,393.24018118741907,350.0
2012-12-04 20:00:00,306,270.7247645499552,232.0
2012-12-04 21:00:00,280,208.80264261867674,185.0
2012-12-04 22:00:00,181,130.1685825187163,97.0
2012-12-04 23:00:00,96,100.80439377283075,67.0
2012-12-05 00:00:00,37,28.915662301129867,23.0
2012-12-05 01:00:00,11,24.49548802110982,12.0
2012-12-05 02:00:00,9,10.07601221490791,1.0
2012-12-05 03:00:00,7,10.280187093606242,3.0
2012-12-05 04:00:00,10,12.622367018873396,4.0
2012-12-05 05:00:00,49,43.381418841159615,39.0
2012-12-05 06:00:00,124,94.03508249616839,136.0
2012-12-05 07:00:00,398,304.802170234091,409.0
2012-12-05 08:00:00,759,710.0811815027357,692.0
2012-12-05 09:00:00,388,323.08574456734846,322.0
2012-12-05 10:00:00,141,169.3351607428375,161.0
2012-12-05 11:00:00,172,191.7625073569899,146.0
2012-12-05 12:00:00,232,254.1730669363283,208.0
2012-12-05 13:00:00,214,263.7964416364435,214.0
2012-12-05 14:00:00,218,233.964060264192,176.0
2012-12-05 15:00:00,285,245.17789873559352,179.0
2012-12-05 16:00:00,377,380.61872438356426,325.0
2012-12-05 17:00:00,605,621.5743488258472,563.0
2012-12-05 18:00:00,609,565.9519083159332,542.0
2012-12-05 19:00:00,414,380.7578566552162,387.0
2012-12-05 20:00:00,293,261.8928915090449,263.0
2012-12-05 21:00:00,198,238.8790013252562,223.0
2012-12-05 22:00:00,105,149.0107305772194,154.0
2012-12-05 23:00:00,74,75.46756578233872,78.0
2012-12-06 00:00:00,44,29.96930786721947,29.0
2012-12-06 01:00:00,16,17.60411421352667,16.0
2012-12-06 02:00:00,9,9.237976568445674,7.0
2012-12-06 04:00:00,9,10.457318088083472,7.0
2012-12-06 05:00:00,32,43.08825739543835,42.0
2012-12-06 06:00:00,124,128.74827684324234,121.0
2012-12-06 07:00:00,389,379.18012074408813,362.0
2012-12-06 08:00:00,659,688.2131635287093,679.0
2012-12-06 09:00:00,276,365.28118579103557,299.0
2012-12-06 10:00:00,145,146.0569323904028,178.0
2012-12-06 11:00:00,178,159.85101546052036,163.0
2012-12-06 12:00:00,235,216.7281879745556,236.0
2012-12-06 13:00:00,245,211.8689919386427,224.0
2012-12-06 14:00:00,212,192.0873609119404,187.0
2012-12-06 15:00:00,270,251.47983978495478,220.0
2012-12-06 16:00:00,331,339.856986977646,370.0
2012-12-06 17:00:00,617,524.0029361161468,561.0
2012-12-06 18:00:00,565,520.8149526341829,537.0
2012-12-06 19:00:00,373,362.5380090613509,344.0
2012-12-06 20:00:00,227,239.147240330869,252.0
2012-12-06 21:00:00,191,175.94528429129647,208.0
2012-12-06 22:00:00,133,126.15711317557214,151.0
2012-12-06 23:00:00,93,99.9765410058308,130.0
2012-12-07 00:00:00,48,44.91903193320524,52.0
2012-12-07 01:00:00,28,15.255936513016309,19.0
2012-12-07 02:00:00,11,10.713139245233437,12.0
2012-12-07 03:00:00,5,7.0786921132106855,4.0
2012-12-07 04:00:00,10,7.070977939942721,3.0
2012-12-07 05:00:00,26,36.28718397206701,40.0
2012-12-07 06:00:00,84,95.69285289336256,106.0
2012-12-07 07:00:00,215,227.30587464515804,352.0
2012-12-07 08:00:00,441,611.5139750582123,729.0
2012-12-07 09:00:00,301,270.0054131787825,330.0
2012-12-07 10:00:00,166,147.1493786175761,169.0
2012-12-07 11:00:00,203,168.5471896306536,201.0
2012-12-07 12:00:00,240,221.7378421790372,268.0
2012-12-07 13:00:00,220,240.92432557137013,262.0
2012-12-07 14:00:00,215,225.90319946091256,251.0
2012-12-07 15:00:00,303,264.43570537363996,296.0
2012-12-07 16:00:00,375,313.73365231152326,405.0
2012-12-07 17:00:00,568,460.0976077827867,582.0
2012-12-07 18:00:00,498,419.83652773465127,509.0
2012-12-07 19:00:00,352,278.1736418082266,377.0
2012-12-07 20:00:00,241,117.31591286853474,245.0
2012-12-07 21:00:00,171,134.3139162208224,183.0
2012-12-07 22:00:00,165,124.68885986846244,163.0
2012-12-07 23:00:00,122,91.62558675304419,110.0
2012-12-08 00:00:00,103,75.64054329268158,108.0
2012-12-08 01:00:00,100,58.14576461015044,69.0
2012-12-08 02:00:00,70,36.32702617172346,50.0
2012-12-08 03:00:00,29,10.847555491494402,15.0
2012-12-08 04:00:00,12,7.827792364887333,5.0
2012-12-08 05:00:00,6,12.35706710961312,13.0
2012-12-08 06:00:00,20,20.896564860071447,27.0
2012-12-08 07:00:00,39,53.164718272243825,63.0
2012-12-08 08:00:00,111,106.24674551153565,144.0
2012-12-08 09:00:00,170,162.32876560204627,193.0
2012-12-08 10:00:00,287,214.78655997583726,256.0
2012-12-08 11:00:00,404,247.372422252165,392.0
2012-12-08 12:00:00,486,224.76924801706943,446.0
2012-12-08 13:00:00,547,289.1204980394509,509.0
2012-12-08 14:00:00,542,239.4089619742924,479.0
2012-12-08 15:00:00,541,359.4110736777873,484.0
2012-12-08 16:00:00,507,314.26195582091225,443.0
2012-12-08 17:00:00,345,306.0371970255407,320.0
2012-12-08 18:00:00,304,288.7752158776058,297.0
2012-12-08 19:00:00,246,227.38261864616177,249.0
2012-12-08 20:00:00,182,142.3623760361834,198.0
2012-12-08 21:00:00,209,124.51879777171183,158.0
2012-12-08 22:00:00,160,130.64196003050827,147.0
2012-12-08 23:00:00,162,110.24229964693173,126.0
2012-12-09 00:00:00,118,107.36671019192872,117.0
2012-12-09 01:00:00,102,82.27035209570592,94.0
2012-12-09 02:00:00,78,68.01717396534009,74.0
2012-12-09 03:00:00,48,26.29952059790154,25.0
2012-12-09 04:00:00,12,8.366804727579073,7.0
2012-12-09 05:00:00,8,8.44649741651502,8.0
2012-12-09 06:00:00,6,0.0,16.0
2012-12-09 07:00:00,23,13.528680305882265,31.0
2012-12-09 08:00:00,69,55.553307176080914,93.0
2012-12-09 09:00:00,103,135.24261704097324,172.0
2012-12-09 10:00:00,219,221.21767531664221,293.0
2012-12-09 11:00:00,250,272.9643578906682,355.0
2012-12-09 12:00:00,315,354.45064204963376,520.0
2012-12-09 13:00:00,285,306.09573559997403,431.0
2012-12-09 14:00:00,232,331.6372512727403,473.0
2012-12-09 15:00:00,225,172.70124252347824,417.0
2012-12-09 16:00:00,253,155.7776282676432,443.0
2012-12-09 17:00:00,229,98.71259978200617,303.0
2012-12-09 18:00:00,198,85.63539675130805,203.0
2012-12-09 19:00:00,122,66.88139891299792,174.0
2012-12-09 20:00:00,108,51.097227983478845,154.0
2012-12-09 21:00:00,96,93.7582542284667,99.0
2012-12-09 22:00:00,78,53.63595978184324,96.0
2012-12-09 23:00:00,51,34.61191209017604,51.0
2012-12-10 00:00:00,20,4.123288071083888,21.0
2012-12-10 01:00:00,4,28.519486318848003,13.0
2012-12-10 02:00:00,5,17.199717162086944,10.0
2012-12-10 03:00:00,4,10.801727363466902,8.0
2012-12-10 04:00:00,12,8.342316018067548,5.0
2012-12-10 05:00:00,27,31.386810912805288,38.0
2012-12-10 06:00:00,123,108.36646847637876,138.0
2012-12-10 07:00:00,294,314.8839862304288,396.0
2012-12-10 08:00:00,584,538.6253373494957,731.0
2012-12-10 09:00:00,284,258.2225878809878,308.0
2012-12-10 10:00:00,133,117.79525358140432,136.0
2012-12-10 11:00:00,134,61.385972675356086,233.0
2012-12-10 12:00:00,173,59.40496422479427,268.0
2012-12-10 13:00:00,220,63.30646137264833,321.0
2012-12-10 14:00:00,210,145.99156361589954,260.0
2012-12-10 15:00:00,236,171.46424285703296,268.0
2012-12-10 16:00:00,345,259.6863757398351,442.0
2012-12-10 17:00:00,616,500.0865255039938,708.0
2012-12-10 18:00:00,564,448.6342242249218,692.0
2012-12-10 19:00:00,427,392.21948683453877,471.0
2012-12-10 20:00:00,300,218.3692669017905,300.0
2012-12-10 21:00:00,245,155.68926370656933,221.0
2012-12-10 22:00:00,126,117.94087255554103,144.0
2012-12-10 23:00:00,84,81.38043096253004,102.0
2012-12-11 00:00:00,31,39.77767978316208,55.0
2012-12-11 01:00:00,8,24.427940464808515,25.0
2012-12-11 02:00:00,1,8.55404191148162,8.0
2012-12-11 03:00:00,3,1.1765671447173573,4.0
2012-12-11 04:00:00,8,9.317286955930301,7.0
2012-12-11 05:00:00,41,32.399547903658444,46.0
2012-12-11 06:00:00,118,136.9408540259101,153.0
2012-12-11 07:00:00,380,449.99430213946704,502.0
2012-12-11 08:00:00,724,653.4813412856765,721.0
2012-12-11 09:00:00,334,288.2223226252398,336.0
2012-12-11 10:00:00,154,154.2394220479874,156.0
2012-12-11 11:00:00,173,160.0887601959287,207.0
2012-12-11 12:00:00,226,229.76391069461675,312.0
2012-12-11 13:00:00,254,233.05590589790913,272.0
2012-12-11 14:00:00,204,228.1473835529613,270.0
2012-12-11 15:00:00,270,253.0531821198597,300.0
2012-12-11 16:00:00,358,323.20750230100435,435.0
2012-12-11 17:00:00,601,634.7947008083102,743.0
2012-12-11 18:00:00,546,640.909792562684,731.0
2012-12-11 19:00:00,433,407.6791002763794,460.0
2012-12-11 20:00:00,257,255.77613564207135,306.0
2012-12-11 21:00:00,207,215.68892120407136,280.0
2012-12-11 22:00:00,106,138.13670253491708,181.0
2012-12-11 23:00:00,64,74.59921258110852,96.0
2012-12-12 00:00:00,34,42.887263379421135,37.0
2012-12-12 01:00:00,21,12.581439602337392,11.0
2012-12-12 02:00:00,9,10.747227457318004,9.0
2012-12-12 03:00:00,10,7.854294729725712,7.0
2012-12-12 04:00:00,4,10.62234374428297,10.0
2012-12-12 05:00:00,37,42.00739998372895,49.0
2012-12-12 06:00:00,128,122.15263471164133,124.0
2012-12-12 07:00:00,369,354.76704727641714,398.0
2012-12-12 08:00:00,688,669.1713123388597,759.0
2012-12-12 09:00:00,285,307.5744903206736,388.0
2012-12-12 10:00:00,136,134.6225677300448,141.0
2012-12-12 11:00:00,172,158.47616269173267,172.0
2012-12-12 12:00:00,232,226.04301572236096,232.0
2012-12-12 13:00:00,238,228.0859480424519,214.0
2012-12-12 14:00:00,225,207.68945497522512,218.0
2012-12-12 15:00:00,228,262.1052336964067,285.0
2012-12-12 16:00:00,329,312.85669852324514,377.0
2012-12-12 17:00:00,561,497.1564820746742,605.0
2012-12-12 18:00:00,540,501.08398095518874,609.0
2012-12-12 19:00:00,402,357.93670894012746,414.0
2012-12-12 20:00:00,268,243.4196119678735,293.0
2012-12-12 21:00:00,202,176.9341091432283,198.0
2012-12-12 22:00:00,122,94.0248029673516,105.0
2012-12-12 23:00:00,79,73.07846325400573,74.0
2012-12-13 00:00:00,32,42.018517206815815,44.0
2012-12-13 01:00:00,23,18.83133951392723,16.0
2012-12-13 02:00:00,8,10.542142028626333,9.0
2012-12-13 03:00:00,2,9.635705039536449,2.0
2012-12-13 04:00:00,8,10.623879883821504,9.0
2012-12-13 05:00:00,33,31.54152735042039,32.0
2012-12-13 06:00:00,114,133.84737799428189,124.0
2012-12-13 07:00:00,385,356.39991757598006,389.0
2012-12-13 08:00:00,679,652.7377962148695,659.0
2012-12-13 09:00:00,325,262.1032955741744,276.0
2012-12-13 10:00:00,167,137.28413364737253,145.0
2012-12-13 11:00:00,189,169.60193391099912,178.0
2012-12-13 12:00:00,282,226.09111197852351,235.0
2012-12-13 13:00:00,271,242.29923694840136,245.0
2012-12-13 14:00:00,242,222.65761742429382,212.0
2012-12-13 15:00:00,280,236.63883167161003,270.0
2012-12-13 16:00:00,406,294.2155408589444,331.0
2012-12-13 17:00:00,550,535.3472133595636,617.0
2012-12-13 18:00:00,466,499.51321446312454,565.0
2012-12-13 19:00:00,348,374.9257016267952,373.0
2012-12-13 20:00:00,241,250.38982920629692,227.0
2012-12-13 21:00:00,213,176.2508728878996,191.0
2012-12-13 22:00:00,148,116.66939064312793,133.0
2012-12-13 23:00:00,120,78.74753044994358,93.0
2012-12-14 00:00:00,47,40.52389747919762,48.0
2012-12-14 01:00:00,26,24.73401373651285,28.0
2012-12-14 02:00:00,9,10.946362708868557,11.0
2012-12-14 03:00:00,12,6.968011335872438,5.0
2012-12-14 04:00:00,10,9.501738399038766,10.0
2012-12-14 05:00:00,34,24.73401373651285,26.0
2012-12-14 06:00:00,113,77.62510066730648,84.0
2012-12-14 07:00:00,308,283.6334922178691,215.0
2012-12-14 08:00:00,636,545.3796184690028,441.0
2012-12-14 09:00:00,343,284.30077451840685,301.0
2012-12-14 10:00:00,190,157.97750603482805,166.0
2012-12-14 11:00:00,211,183.17258076859667,203.0
2012-12-14 12:00:00,273,263.00012160025983,240.0
2012-12-14 13:00:00,313,261.3635117880298,220.0
2012-12-14 14:00:00,299,243.80117619637207,215.0
2012-12-14 15:00:00,309,285.27245286613623,303.0
2012-12-14 16:00:00,417,370.3287159928073,375.0
2012-12-14 17:00:00,622,495.197874214091,568.0
2012-12-14 18:00:00,455,420.40015713718174,498.0
2012-12-14 19:00:00,319,309.3476451232099,352.0
2012-12-14 20:00:00,221,221.62239069184886,241.0
2012-12-14 21:00:00,172,170.42020196211618,171.0
2012-12-14 22:00:00,138,139.36219774780614,165.0
2012-12-14 23:00:00,134,116.04945438960769,122.0
2012-12-15 00:00:00,94,74.57910139010447,103.0
2012-12-15 01:00:00,95,70.39177549678445,100.0
2012-12-15 02:00:00,69,57.45134410955501,70.0
2012-12-15 03:00:00,23,23.45883963818532,29.0
2012-12-15 04:00:00,6,11.384403429792561,12.0
2012-12-15 05:00:00,3,13.460561968307015,6.0
2012-12-15 06:00:00,11,31.38395795932225,20.0
2012-12-15 07:00:00,48,76.72881293198878,39.0
2012-12-15 08:00:00,119,134.72996021860874,111.0
2012-12-15 09:00:00,220,186.03575092948074,170.0
2012-12-15 10:00:00,273,237.7344086390709,287.0
2012-12-15 11:00:00,393,302.4185551254976,404.0
2012-12-15 12:00:00,453,378.12508459095204,486.0
2012-12-15 13:00:00,456,439.56841398775805,547.0
2012-12-15 14:00:00,426,433.59576522099144,542.0
2012-12-15 15:00:00,447,440.2728227723691,541.0
2012-12-15 16:00:00,413,416.90192892609986,507.0
2012-12-15 17:00:00,309,368.2514638500709,345.0
2012-12-15 18:00:00,272,296.5654188372441,304.0
2012-12-15 19:00:00,257,248.80467056275617,246.0
2012-12-15 20:00:00,201,188.14084121007247,182.0
2012-12-15 21:00:00,184,180.21546840818164,209.0
2012-12-15 22:00:00,156,139.77546773136143,160.0
2012-12-15 23:00:00,119,133.82233793752985,162.0
2012-12-16 00:00:00,110,109.41095677222037,118.0
2012-12-16 01:00:00,96,64.70294929035475,102.0
2012-12-16 02:00:00,87,66.46999380387807,78.0
2012-12-16 03:00:00,38,42.1214422139468,48.0
2012-12-16 04:00:00,11,11.680861931545824,12.0
2012-12-16 05:00:00,9,8.39223490335312,8.0
2012-12-16 06:00:00,6,5.7166920506164205,6.0
2012-12-16 07:00:00,27,18.455233262737437,23.0
2012-12-16 08:00:00,88,69.16570053367103,69.0
2012-12-16 09:00:00,132,110.55196300005215,103.0
2012-12-16 10:00:00,257,204.34535477083196,219.0
2012-12-16 11:00:00,295,262.2781095801956,250.0
2012-12-16 12:00:00,417,295.86215249472406,315.0
2012-12-16 13:00:00,356,328.2999092521648,285.0
2012-12-16 14:00:00,310,281.3650522087145,232.0
2012-12-16 15:00:00,338,240.57400171526703,225.0
2012-12-16 16:00:00,400,291.30668598733104,253.0
2012-12-16 17:00:00,243,188.18054323575922,229.0
2012-12-16 18:00:00,107,112.2764196126215,198.0
2012-12-16 19:00:00,109,155.40559799916113,122.0
2012-12-16 20:00:00,122,118.02552762094754,108.0
2012-12-16 21:00:00,106,95.64905673836863,96.0
2012-12-16 22:00:00,89,85.6642931458611,78.0
2012-12-16 23:00:00,33,41.295955470928604,51.0
2012-12-17 00:00:00,28,31.416853705637592,20.0
2012-12-17 01:00:00,15,32.43010674831835,4.0
2012-12-17 02:00:00,5,16.00069085988362,5.0
2012-12-17 03:00:00,3,10.973353917472515,4.0
2012-12-17 04:00:00,5,3.2480493303939855,12.0
2012-12-17 05:00:00,24,21.912021967300518,27.0
2012-12-17 06:00:00,108,107.2896330211851,123.0
2012-12-17 07:00:00,319,270.48207089740436,294.0
2012-12-17 08:00:00,592,430.353201612381,584.0
2012-12-17 09:00:00,282,251.03298107365663,284.0
2012-12-17 10:00:00,135,130.2855924583412,133.0
2012-12-17 11:00:00,170,134.33343898876248,134.0
2012-12-17 12:00:00,232,162.46000151208128,173.0
2012-12-17 13:00:00,210,169.6905645609073,220.0
2012-12-17 14:00:00,181,153.0107486716679,210.0
2012-12-17 15:00:00,211,165.92201199552167,236.0
2012-12-17 16:00:00,302,101.16413108568426,345.0
2012-12-17 17:00:00,495,298.23904058590585,616.0
2012-12-17 18:00:00,507,311.83370626491495,564.0
2012-12-17 19:00:00,340,282.1312019717927,427.0
2012-12-17 20:00:00,200,199.15648626248216,300.0
2012-12-17 21:00:00,120,169.40225789505791,245.0
2012-12-17 22:00:00,54,101.36683396004743,126.0
2012-12-17 23:00:00,47,45.206665062840315,84.0
2012-12-18 00:00:00,18,28.583910722355373,31.0
2012-12-18 01:00:00,15,9.46215527290265,8.0
2012-12-18 02:00:00,7,6.846758982817987,1.0
2012-12-18 03:00:00,5,8.815273107595901,3.0
2012-12-18 04:00:00,8,9.06985199165271,8.0
2012-12-18 05:00:00,36,43.51428523466198,41.0
2012-12-18 06:00:00,118,113.70378513639452,118.0
2012-12-18 07:00:00,355,329.07272581057765,380.0
2012-12-18 08:00:00,662,599.6670348890042,724.0
2012-12-18 09:00:00,326,282.0491568212275,334.0
2012-12-18 10:00:00,184,155.2309344498028,154.0
2012-12-18 11:00:00,269,184.84659574055996,173.0
2012-12-18 12:00:00,313,149.1900218896662,226.0
2012-12-18 13:00:00,286,250.69963490933623,254.0
2012-12-18 14:00:00,247,204.67064862933344,204.0
2012-12-18 15:00:00,246,241.83921402105844,270.0
2012-12-18 16:00:00,363,319.9504870002418,358.0
2012-12-18 17:00:00,572,497.75662107822166,601.0
2012-12-18 18:00:00,525,489.5167106602866,546.0
2012-12-18 19:00:00,353,358.1613169304345,433.0
2012-12-18 20:00:00,268,227.6948427155824,257.0
2012-12-18 21:00:00,168,167.04543601954123,207.0
2012-12-18 22:00:00,132,83.48341899055198,106.0
2012-12-18 23:00:00,81,65.84969435310663,64.0
2012-12-19 00:00:00,41,37.5291191955132,34.0
2012-12-19 01:00:00,15,20.096237080017577,21.0
2012-12-19 02:00:00,3,10.404481852581066,9.0
2012-12-19 03:00:00,5,10.131868746747596,10.0
2012-12-19 04:00:00,7,8.495613311845197,4.0
2012-12-19 05:00:00,31,38.32268009673646,37.0
2012-12-19 06:00:00,112,123.86140077905257,128.0
2012-12-19 07:00:00,363,350.3112981272182,369.0
2012-12-19 08:00:00,678,628.8806806175866,688.0
2012-12-19 09:00:00,317,285.94134767354086,285.0
2012-12-19 10:00:00,164,156.86219490581712,136.0
2012-12-19 11:00:00,200,221.23400044800027,172.0
2012-12-19 12:00:00,236,264.7531212779232,232.0
2012-12-19 13:00:00,213,260.8152955203524,238.0
2012-12-19 14:00:00,218,239.60884752539047,225.0
2012-12-19 15:00:00,237,239.7939296108982,228.0
2012-12-19 16:00:00,334,331.0244972364965,329.0
2012-12-19 17:00:00,562,531.0865662878113,561.0
2012-12-19 18:00:00,569,510.8713614349702,540.0
2012-12-19 19:00:00,336,352.14521240814565,402.0
2012-12-19 20:00:00,241,275.438656633517,268.0
2012-12-19 21:00:00,168,170.42582635905322,202.0
2012-12-19 22:00:00,129,126.41104942371503,122.0
2012-12-19 23:00:00,88,72.46328075357344,79.0
2012-12-20 00:00:00,42,34.625016756953606,32.0
2012-12-20 01:00:00,20,23.06336265548342,23.0
2012-12-20 02:00:00,8,8.499370009774896,8.0
2012-12-20 03:00:00,4,8.462322822800768,2.0
2012-12-20 04:00:00,6,8.804776255467585,8.0
2012-12-20 05:00:00,35,40.14256243046553,33.0
2012-12-20 06:00:00,118,118.45020098029555,114.0
2012-12-20 07:00:00,350,348.16092823317103,385.0
2012-12-20 08:00:00,599,652.5978480375969,679.0
2012-12-20 09:00:00,317,286.1345996318262,325.0
2012-12-20 10:00:00,161,157.9039913829676,167.0
2012-12-20 11:00:00,190,175.46152936736755,189.0
2012-12-20 12:00:00,212,236.58347927684312,282.0
2012-12-20 13:00:00,217,228.44521041960954,271.0
2012-12-20 14:00:00,214,226.39551987568615,242.0
2012-12-20 15:00:00,249,222.29715910936667,280.0
2012-12-20 16:00:00,302,304.37684596835896,406.0
2012-12-20 17:00:00,475,455.0710620058625,550.0
2012-12-20 18:00:00,381,432.0754451504625,466.0
2012-12-20 19:00:00,118,161.2733983954803,348.0
2012-12-20 20:00:00,50,115.1669883284924,241.0
2012-12-20 21:00:00,26,93.28131094760766,213.0
2012-12-20 22:00:00,21,61.23585925474247,148.0
2012-12-20 23:00:00,13,53.483519434615445,120.0
2012-12-21 00:00:00,17,22.941409245805357,47.0
2012-12-21 01:00:00,9,4.518364123986488,26.0
2012-12-21 02:00:00,3,0.0,9.0
2012-12-21 03:00:00,3,0.0,12.0
2012-12-21 04:00:00,6,2.585331611089764,10.0
2012-12-21 05:00:00,13,30.989650009207462,34.0
2012-12-21 06:00:00,80,96.6915893422889,113.0
2012-12-21 07:00:00,208,278.49310168883966,308.0
2012-12-21 08:00:00,472,572.6229031213273,636.0
2012-12-21 09:00:00,267,255.66958233385577,343.0
2012-12-21 10:00:00,154,155.2559935688234,190.0
2012-12-21 11:00:00,162,149.80595112468353,211.0
2012-12-21 12:00:00,224,185.13000913545994,273.0
2012-12-21 13:00:00,240,203.38481496094957,313.0
2012-12-21 14:00:00,219,205.96017180029267,299.0
2012-12-21 15:00:00,263,202.45347833538682,309.0
2012-12-21 16:00:00,281,274.192920711366,417.0
2012-12-21 17:00:00,321,411.8294292622312,622.0
2012-12-21 18:00:00,243,311.1335799230458,455.0
2012-12-21 19:00:00,153,167.9504710674141,319.0
2012-12-21 20:00:00,112,108.84704412787845,221.0
2012-12-21 21:00:00,70,113.5428605343762,172.0
2012-12-21 22:00:00,63,92.96503276429468,138.0
2012-12-21 23:00:00,40,90.08061201950811,134.0
2012-12-22 00:00:00,31,40.106020440136724,94.0
2012-12-22 01:00:00,35,52.44787842894469,95.0
2012-12-22 02:00:00,23,38.81509294257357,69.0
2012-12-22 03:00:00,7,8.21384984243083,23.0
2012-12-22 04:00:00,5,1.5401607981058199,6.0
2012-12-22 05:00:00,5,2.3442655820242613,3.0
2012-12-22 06:00:00,13,6.5420851968518905,11.0
2012-12-22 07:00:00,20,72.7120386527921,48.0
2012-12-22 08:00:00,29,122.24884309479013,119.0
2012-12-22 09:00:00,90,152.8811881844538,220.0
2012-12-22 10:00:00,118,162.32705043101868,273.0
2012-12-22 11:00:00,159,205.66677938329718,393.0
2012-12-22 12:00:00,146,235.51802314988427,453.0
2012-12-22 13:00:00,158,258.56715679711425,456.0
2012-12-22 14:00:00,161,232.13636617687501,426.0
2012-12-22 15:00:00,153,241.9123563110938,447.0
2012-12-22 16:00:00,147,238.9435771070369,413.0
2012-12-22 17:00:00,114,151.41688768634435,309.0
2012-12-22 18:00:00,82,118.09760037914259,272.0
2012-12-22 19:00:00,60,123.122197846836,257.0
2012-12-22 20:00:00,61,125.10216734774697,201.0
2012-12-22 21:00:00,53,105.20900164083488,184.0
2012-12-22 22:00:00,39,99.40550293663107,156.0
2012-12-22 23:00:00,40,85.8261325282127,119.0
2012-12-23 00:00:00,27,78.6918843783768,110.0
2012-12-23 01:00:00,20,55.564620574390126,96.0
2012-12-23 02:00:00,18,55.27950005478516,87.0
2012-12-23 03:00:00,9,24.066730087793157,38.0
2012-12-23 04:00:00,4,2.2275804180035177,11.0
2012-12-23 05:00:00,6,0.2268966444882226,9.0
2012-12-23 06:00:00,9,0.0,6.0
2012-12-23 07:00:00,19,7.728344118128161,27.0
2012-12-23 08:00:00,48,55.82307089052791,88.0
2012-12-23 09:00:00,56,93.02934310441893,132.0
2012-12-23 10:00:00,93,153.25448361144245,257.0
2012-12-23 11:00:00,152,172.34794369162486,295.0
2012-12-23 12:00:00,196,242.78722849764435,417.0
2012-12-23 13:00:00,186,197.95895872752712,356.0
2012-12-23 14:00:00,175,186.3507439824832,310.0
2012-12-23 15:00:00,137,200.2518337459517,338.0
2012-12-23 16:00:00,190,220.79572790223583,400.0
2012-12-23 17:00:00,114,109.27269178783258,243.0
2012-12-23 18:00:00,93,70.55255610095597,107.0
2012-12-23 19:00:00,58,72.62761353367057,109.0
2012-12-23 20:00:00,52,84.41632057099847,122.0
2012-12-23 21:00:00,42,57.49997754946309,106.0
2012-12-23 22:00:00,58,50.70055780410744,89.0
2012-12-23 23:00:00,25,24.347974089846527,33.0
2012-12-24 00:00:00,12,14.183686374820931,28.0
2012-12-24 01:00:00,11,7.499101838916918,15.0
2012-12-24 02:00:00,5,0.4882732162623853,5.0
2012-12-24 03:00:00,3,0.0,3.0
2012-12-24 05:00:00,9,11.558685806514031,24.0
2012-12-24 06:00:00,17,81.08045650027405,108.0
2012-12-24 07:00:00,30,217.57202980771567,319.0
2012-12-24 08:00:00,66,445.2635234567301,592.0
2012-12-24 09:00:00,85,203.20578597943506,282.0
2012-12-24 10:00:00,103,99.00558712979063,135.0
2012-12-24 11:00:00,124,119.12763186141368,170.0
2012-12-24 12:00:00,135,144.52656488906254,232.0
2012-12-24 13:00:00,70,46.73680509358384,210.0
2012-12-24 14:00:00,46,45.480971567922715,181.0
2012-12-24 15:00:00,33,21.606514198625124,211.0
2012-12-24 16:00:00,33,58.65827094526069,302.0
2012-12-24 17:00:00,26,171.3666319755168,495.0
2012-12-24 18:00:00,26,166.3868994419078,507.0
2012-12-24 19:00:00,18,191.72613217164167,340.0
2012-12-24 20:00:00,23,65.73759310954439,200.0
2012-12-24 21:00:00,22,46.09034370511177,120.0
2012-12-24 22:00:00,12,49.896794011628295,54.0
2012-12-24 23:00:00,11,19.9179337453519,47.0
2012-12-25 00:00:00,13,0.0,18.0
2012-12-25 01:00:00,13,6.914166976117403,15.0
2012-12-25 02:00:00,7,1.10369678219188,7.0
2012-12-25 05:00:00,3,24.485513643693718,36.0
2012-12-25 06:00:00,7,65.05827339978111,118.0
2012-12-25 07:00:00,6,111.03685464401187,355.0
2012-12-25 08:00:00,11,225.7904956589104,662.0
2012-12-25 09:00:00,28,126.52946944681264,326.0
2012-12-25 10:00:00,32,117.8809597783428,184.0
2012-12-25 11:00:00,86,114.80834687175442,269.0
2012-12-25 12:00:00,114,139.35202774128135,313.0
2012-12-25 13:00:00,121,157.1374924985255,286.0
2012-12-25 14:00:00,126,132.92888242034707,247.0
2012-12-25 15:00:00,107,109.72947787930431,246.0
2012-12-25 16:00:00,86,179.1701277878103,363.0
2012-12-25 17:00:00,50,268.43970670230567,572.0
2012-12-25 18:00:00,43,258.48984104015994,525.0
2012-12-25 19:00:00,36,154.4679323415331,353.0
2012-12-25 20:00:00,40,135.1304503115783,268.0
2012-12-25 21:00:00,34,91.76229116086337,168.0
2012-12-25 22:00:00,19,78.39479196121334,132.0
2012-12-25 23:00:00,30,58.38741000995493,81.0
2012-12-26 00:00:00,9,33.11079346983309,41.0
2012-12-26 01:00:00,7,9.923615776944516,15.0
2012-12-26 02:00:00,1,4.205614895744706,3.0
2012-12-26 04:00:00,2,1.594578388861298,7.0
2012-12-26 05:00:00,11,21.93445144327219,31.0
2012-12-26 06:00:00,36,92.60187863753933,112.0
2012-12-26 07:00:00,26,125.19013630328129,363.0
2012-12-26 08:00:00,31,318.50363227353046,678.0
2012-12-26 09:00:00,23,128.72066267853063,317.0
2012-12-26 10:00:00,8,59.18646672968266,164.0
2012-12-26 11:00:00,10,56.10825952267361,200.0
2012-12-26 12:00:00,10,34.78971905405075,236.0
2012-12-26 13:00:00,15,34.190651666127735,213.0
2012-12-26 14:00:00,20,33.235140349544196,218.0
2012-12-26 15:00:00,13,37.207551181433516,237.0
2012-12-26 16:00:00,13,60.72691253244968,334.0
2012-12-26 17:00:00,53,98.07459499262634,562.0
2012-12-26 18:00:00,43,111.15928680839683,569.0
2012-12-26 19:00:00,35,86.27559653318393,336.0
2012-12-26 20:00:00,32,45.38908833270236,241.0
2012-12-26 21:00:00,20,96.22427469130899,168.0
2012-12-26 22:00:00,11,36.6062114615735,129.0
2012-12-26 23:00:00,10,37.49005919227605,88.0
2012-12-27 00:00:00,3,19.961999125568436,42.0
2012-12-27 01:00:00,5,0.0,20.0
2012-12-27 02:00:00,2,0.0,8.0
2012-12-27 03:00:00,1,2.291162828701839,4.0
2012-12-27 04:00:00,3,0.0,6.0
2012-12-27 05:00:00,11,28.97292378515082,35.0
2012-12-27 06:00:00,45,92.71720713478908,118.0
2012-12-27 07:00:00,90,226.94483112397742,350.0
2012-12-27 08:00:00,208,391.6331541144934,599.0
2012-12-27 09:00:00,133,220.95167097077655,317.0
2012-12-27 10:00:00,75,114.74996876318012,161.0
2012-12-27 11:00:00,103,116.58029794100645,190.0
2012-12-27 12:00:00,109,115.20829853574688,212.0
2012-12-27 13:00:00,118,122.04747207133559,217.0
2012-12-27 14:00:00,119,124.88367142886905,214.0
2012-12-27 15:00:00,120,157.89101915126443,249.0
2012-12-27 16:00:00,174,191.07473236165285,302.0
2012-12-27 17:00:00,257,292.33949751334177,475.0
2012-12-27 18:00:00,197,236.93543589082878,381.0
2012-12-27 19:00:00,117,103.39089861690881,118.0
2012-12-27 20:00:00,91,65.08969831004927,50.0
2012-12-27 21:00:00,63,56.505398123956944,26.0
2012-12-27 22:00:00,44,40.76361201447218,21.0
2012-12-27 23:00:00,26,32.029706928811926,13.0
2012-12-28 00:00:00,25,8.465204948448205,17.0
2012-12-28 01:00:00,9,3.2089483832506587,9.0
2012-12-28 02:00:00,5,2.2435535761594045,3.0
2012-12-28 03:00:00,2,3.0878545107441098,3.0
2012-12-28 04:00:00,4,3.0878545107441098,6.0
2012-12-28 05:00:00,15,6.653925742014515,13.0
2012-12-28 06:00:00,51,64.61464775742395,80.0
2012-12-28 07:00:00,112,129.7432220952428,208.0
2012-12-28 08:00:00,239,323.91892297079795,472.0
2012-12-28 09:00:00,191,197.36626378485573,267.0
2012-12-28 10:00:00,162,122.64584986911525,154.0
2012-12-28 11:00:00,178,136.44301947038542,162.0
2012-12-28 12:00:00,222,151.66959702883344,224.0
2012-12-28 13:00:00,222,157.65224606345967,240.0
2012-12-28 14:00:00,261,144.11619583538516,219.0
2012-12-28 15:00:00,225,178.17877247426134,263.0
2012-12-28 16:00:00,250,166.18128742545173,281.0
2012-12-28 17:00:00,271,205.14437790138476,321.0
2012-12-28 18:00:00,213,165.63047289103878,243.0
2012-12-28 19:00:00,128,126.16018201345726,153.0
2012-12-28 20:00:00,97,94.52261908206515,112.0
2012-12-28 21:00:00,92,66.07592052202514,70.0
2012-12-28 22:00:00,62,62.92219237041414,63.0
2012-12-28 23:00:00,59,53.83833035296034,40.0
2012-12-29 00:00:00,26,25.221027813584264,31.0
2012-12-29 01:00:00,37,29.40023282624147,35.0
2012-12-29 02:00:00,19,14.592022853544941,23.0
2012-12-29 03:00:00,6,2.759442265587564,7.0
2012-12-29 04:00:00,3,2.759442265587564,5.0
2012-12-29 05:00:00,3,4.298540872965168,5.0
2012-12-29 06:00:00,7,0.5296607101618304,13.0
2012-12-29 07:00:00,18,27.644836666450207,20.0
2012-12-29 08:00:00,44,80.81549716713698,29.0
2012-12-29 09:00:00,49,100.1075039621722,90.0
2012-12-29 10:00:00,41,71.85897545440557,118.0
2012-12-29 11:00:00,45,71.7098327467453,159.0
2012-12-29 12:00:00,48,69.45406774587252,146.0
2012-12-29 13:00:00,84,69.43774350485549,158.0
2012-12-29 14:00:00,98,156.6636588567404,161.0
2012-12-29 15:00:00,129,142.9325402953677,153.0
2012-12-29 16:00:00,147,168.38735415558,147.0
2012-12-29 17:00:00,118,163.49866885103955,114.0
2012-12-29 18:00:00,110,113.9173073801072,82.0
2012-12-29 19:00:00,97,91.23782378954954,60.0
2012-12-29 20:00:00,66,66.24810669270346,61.0
2012-12-29 21:00:00,60,52.675136453635965,53.0
2012-12-29 22:00:00,54,43.620090290787886,39.0
2012-12-29 23:00:00,32,50.03880541885147,40.0
2012-12-30 00:00:00,41,16.9463515683751,27.0
2012-12-30 01:00:00,28,8.401796308326775,20.0
2012-12-30 02:00:00,19,7.858830922081612,18.0
2012-12-30 03:00:00,15,0.0,9.0
2012-12-30 04:00:00,7,0.0,4.0
2012-12-30 05:00:00,2,0.2520846517992182,6.0
2012-12-30 06:00:00,8,0.0,9.0
2012-12-30 07:00:00,13,0.0,19.0
2012-12-30 08:00:00,33,32.288150963266425,48.0
2012-12-30 09:00:00,74,54.19957102642826,56.0
2012-12-30 10:00:00,122,68.4484089304367,93.0
2012-12-30 11:00:00,136,108.43417992654518,152.0
2012-12-30 12:00:00,144,140.3443397689299,196.0
2012-12-30 13:00:00,169,118.57915629913387,186.0
2012-12-30 14:00:00,160,135.0823102554443,175.0
2012-12-30 15:00:00,138,128.04001350695808,137.0
2012-12-30 16:00:00,133,140.80610864630506,190.0
2012-12-30 17:00:00,123,79.74612311743469,114.0
2012-12-30 18:00:00,125,67.32259881223422,93.0
2012-12-30 19:00:00,102,89.63302599998498,58.0
2012-12-30 20:00:00,72,44.001814263953,52.0
2012-12-30 21:00:00,47,44.63405372159086,42.0
2012-12-30 22:00:00,36,44.94117517246186,58.0
2012-12-30 23:00:00,49,11.914731382741069,25.0
2012-12-31 00:00:00,34,5.925528397874519,12.0
2012-12-31 01:00:00,19,5.925528397874519,11.0
2012-12-31 02:00:00,11,0.7850588398574287,5.0
2012-12-31 03:00:00,1,0.7850588398574287,3.0
2012-12-31 05:00:00,9,0.5578122554046338,9.0
2012-12-31 06:00:00,40,25.58092917692508,17.0
2012-12-31 07:00:00,85,70.82830593520535,30.0
2012-12-31 08:00:00,196,137.3841009769842,66.0
2012-12-31 09:00:00,157,125.56273233096354,85.0
2012-12-31 10:00:00,120,71.75403403810563,103.0
2012-12-31 11:00:00,157,101.06584117512611,124.0
2012-12-31 12:00:00,224,106.63645332177092,135.0
2012-12-31 13:00:00,203,101.12507788848657,70.0
2012-12-31 14:00:00,247,93.79982942896734,46.0
2012-12-31 15:00:00,315,92.5913970830307,33.0
2012-12-31 16:00:00,214,100.51574908598803,33.0
2012-12-31 17:00:00,164,128.8641208611336,26.0
2012-12-31 18:00:00,122,145.51087924962275,26.0
2012-12-31 19:00:00,119,90.18803066526314,18.0
2012-12-31 20:00:00,89,59.90415828781537,23.0
2012-12-31 21:00:00,90,40.46113419786795,22.0
2012-12-31 22:00:00,61,26.232466317888555,12.0
2012-12-31 23:00:00,49,15.29184020997835,11.0
